x,sr,turn,sr,turn,sr,turn,sr,turn,sr,turn,sr,turn,sr,turn,sr,turn,sr,turn,sr,turn,sr,turn,sr,turn,sr,turn,sr,turn,sr,turn
0,0,38.16,0,37.04,0,37.88,0,38.04,0,36.6,0,37.8,0,37.4,0,38.8,0,37.28,0,36.84,0,37.6,0,36.12,0,38.8,0,38.16,0,37.52
1,0,36.72,0,35.04,0,38.8,0,38.44,0.02,34.32,0,39.08,0,37.36,0,38.56,0,36.76,0,37.24,0,37.8,0,37.68,0,36.44,0,36.76,0,38.8
2,0,38.12,0,39.12,0,38.08,0,35.52,0.02,40.88,0,38.32,0,37.48,0,39.04,0,37.52,0,36.88,0,38.96,0,37.8,0,37.08,0,38.52,0,38.28
3,0,36.56,0,35.6,0,40.64,0,39.36,0,39.88,0,36.44,0,38.44,0,35.64,0,37.36,0,38,0,38.28,0,38,0,38.4,0,40.28,0,38.76
4,0,38.12,0,37.32,0,39.72,0,40.16,0,36.96,0,39.32,0,37.68,0,38.88,0,35.68,0,38.64,0,39.92,0,35.8,0,39.12,0,40.16,0,36.96
5,0,38.48,0,39.84,0.02,39.76,0,38.96,0.02,36.6,0,38.12,0.02,34.04,0,36.6,0,36.6,0,37.4,0,38.88,0,37.4,0,39.64,0,37.8,0,39.32
6,0,37.68,0,37.16,0.02,36.72,0,38.8,0,36.2,0,35.8,0,36.8,0,34.76,0,35.28,0,37.48,0.04,38.36,0.02,38.24,0,38.64,0.02,39.88,0,40.04
7,0,38.52,0,39.24,0.2,34.44,0,34.12,0,37.04,0,34.48,0.02,36.32,0,36.76,0,35.52,0,36.12,0,31.44,0.02,34.16,0,22.76,0.02,35.4,0,39.68
8,0.06,36.2,0,35.4,0.02,36.24,0.02,36.88,0.02,35.56,0,37.48,0.14,29.8,0,36.92,0,38.72,0,31.48,0,33.52,0.02,29.48,0,26.52,0,32.8,0,34.2
9,0.04,34.92,0.18,32.44,0.04,37.08,0.04,36,0.08,32.4,0,36.6,0.12,32.92,0,31.84,0,27.08,0,29.88,0,26.08,0.02,24.4,0.04,22.64,0,31.96,0.02,26.88
10,0.02,37.36,0.04,36.08,0.06,34.56,0.06,31.72,0.04,28.6,0.02,35.48,0.02,32.92,0,34.52,0.04,25.36,0.14,35.12,0.08,20.2,0.02,11.88,0.08,20.68,0.02,31.48,0.04,24.6
11,0.22,32.92,0.06,35.96,0.06,35.24,0.1,32.32,0.02,34.68,0,33.84,0.04,27.12,0,36.96,0.02,20.12,0,27.96,0,26.16,0.02,16.44,0,25.36,0,23.4,0.02,17.6
12,0.06,33.92,0.12,28.32,0.02,35.04,0.1,34.8,0.06,30.04,0,23.76,0.04,28.44,0,21.72,0,18,0.04,24.8,0,21.4,0,16.84,0,28,0,26.08,0.02,23.28
13,0.14,28.12,0.06,21.56,0.1,32.48,0.06,29.96,0.08,28.2,0,19.8,0.02,21.96,0,23.8,0,16.04,0,24.64,0,29.72,0,24.84,0.02,26.76,0,23.68,0,14.84
14,0.06,29.92,0.04,35.52,0,35.88,0.02,25.6,0.02,36.2,0.02,17.56,0.08,24.96,0,23.36,0.02,17.52,0,19.08,0,29.12,0,26.12,0,29.4,0,15.8,0,19.84
15,0.12,33.16,0.02,33.04,0.02,34.84,0,23.64,0.02,29.8,0.04,21.52,0.08,25.4,0,22.56,0.02,16.92,0,26.52,0,28.6,0,24.36,0,27.84,0.08,24.4,0,20.16
16,0.06,24.64,0.06,33.88,0.02,22.6,0.02,27.2,0.06,28.48,0.02,18.92,0.12,21.48,0.02,21.24,0.02,15.44,0,22.12,0,21.32,0,33.88,0.02,14.6,0.14,31.44,0,21.16
17,0.04,26.64,0.1,29.4,0,23.52,0,31.16,0.04,22.2,0,20.16,0.02,27.96,0,19.16,0.02,18.48,0,24.08,0,27.2,0.04,34.64,0,30.28,0.08,27.08,0,31.36
18,0.02,17.92,0.06,30,0.02,23.76,0.02,27.76,0.08,18.32,0,21.88,0.14,26.64,0,20.64,0,29.44,0,20.28,0.02,32.92,0.04,36.68,0.02,22.68,0.22,30.64,0.04,29.56
19,0.02,26.88,0,23,0,21.16,0,19.48,0,18.44,0.02,32.64,0.06,24.84,0,19.08,0.02,13.64,0,18.8,0,29.64,0.14,31.6,0.06,36.56,0.14,28.48,0.06,28.08
20,0,23.32,0.02,23.08,0.02,21.8,0.04,29.08,0.04,14.36,0.02,26.48,0.02,27.88,0,23.84,0.06,18.28,0.04,24.84,0.16,29.12,0.1,32.08,0.18,31.76,0.16,28.44,0.14,32.56
21,0,22.08,0,21.84,0,21.8,0.02,26.88,0.06,20.76,0.02,25.52,0.18,26.52,0,30.04,0.06,26.96,0.08,21.56,0.12,33.72,0.16,33.04,0.24,29.8,0.12,34.36,0.14,31.64
22,0,19.08,0,23.2,0.02,33.24,0.02,21.68,0.06,17.4,0.04,27.32,0.14,27,0,30.52,0.08,16.76,0.04,23.04,0.34,29.24,0,27.68,0.12,26.12,0.16,30.88,0.08,26.36
23,0,24.92,0,29,0.02,31.4,0.02,27.28,0.04,25.04,0.06,26.8,0.14,30.16,0.16,25.76,0.1,23.84,0,28.84,0.2,29.44,0.04,36.44,0.12,31.24,0.06,31.24,0.14,24.08
24,0,24.16,0.04,27.6,0,32.12,0.06,30.12,0.04,32.4,0.1,29.6,0.16,28.52,0.12,28.08,0.14,28.2,0.04,21.96,0.14,29.68,0.04,38.24,0.12,35.88,0.02,26.6,0.06,29.92
25,0,21.16,0.02,28.24,0.08,34.44,0.08,31.16,0.02,32.44,0.24,28.72,0.32,27.56,0.12,34.6,0.24,28.08,0.12,32.28,0.2,31.12,0.18,24.68,0.24,21.08,0.02,27.44,0.16,30.44
26,0,30.16,0.06,30.72,0.04,36.08,0.06,35.6,0,34.8,0.08,31.2,0.1,32.28,0.04,33.32,0.18,32.44,0.14,25.68,0.02,34.68,0.16,30.84,0.24,31.56,0,22,0.22,30.56
27,0,29.68,0.02,30.36,0.08,32.92,0.04,27.84,0.02,35.68,0.22,26.96,0.3,30.48,0.32,28.4,0.02,33.32,0.08,28.8,0.08,28.96,0.02,35.12,0.04,34.4,0.14,24.44,0.14,31.48
28,0,28.24,0.08,33.68,0.06,32.44,0.1,33.36,0.02,34.92,0.14,32.68,0.26,25.52,0.2,26.44,0.12,28.88,0.16,32.48,0.22,31.4,0.1,33.64,0.18,32.36,0.04,27.16,0.26,27.16
29,0.02,31.8,0.08,31.16,0.04,32.2,0.02,32,0.04,33.84,0.16,27.16,0.22,28.36,0.16,28.08,0.02,33.08,0.02,26.68,0.06,31.88,0.24,29.16,0.2,29.24,0.08,20.28,0.08,30.76
30,0,28.48,0.08,32.36,0.02,28.8,0.02,32.6,0.06,31.68,0.1,31,0.2,29.04,0.12,29.76,0.16,21.96,0.08,32.6,0.16,32.48,0.12,35.24,0.04,26.48,0.16,30.12,0.06,24.76
31,0.06,26.96,0.02,33.76,0.18,29.28,0.06,35.4,0,31.6,0.1,25.32,0.28,29.52,0.16,33.12,0.16,33.64,0.1,32.4,0.1,35.28,0.18,30.28,0.18,27.04,0.14,24.56,0.12,33.64
32,0.04,21.04,0.14,31.48,0.12,33.2,0.1,29.88,0.02,28.56,0.22,29.56,0.34,26.64,0.02,34.28,0.36,31.64,0.36,25.52,0.18,32.24,0.12,34.2,0.46,26.24,0.14,27.68,0.32,25.2
33,0.04,28.96,0.14,32.36,0.18,32.76,0.04,28.6,0,29.48,0.18,23.16,0.18,22,0.12,30.6,0.08,33.16,0.18,26.44,0.04,31.56,0.14,35.2,0.06,29.48,0.26,23.44,0.26,28.12
34,0.06,23.12,0.14,32.24,0.16,25.8,0.02,31.56,0.06,29.84,0.1,24.76,0.12,35.92,0.16,31.72,0.2,26.16,0.1,27.76,0.1,31.72,0.18,29.96,0.3,30.44,0.22,29.56,0.16,36.84
35,0.06,25.8,0.1,36.92,0.16,28.84,0.04,28.96,0,32.32,0.24,24.76,0.12,30.76,0.22,34.12,0.18,28.76,0.4,26.2,0.16,30.6,0.08,30.72,0.28,29.04,0.2,27.64,0.3,25.88
36,0.04,31.6,0.14,33,0.14,30.24,0.04,26.64,0,30.64,0.18,28.48,0.22,32.44,0.2,30.48,0.28,25.2,0.14,36.2,0.16,31.52,0.22,23.16,0.04,31.32,0,30.08,0.08,30.32
37,0.06,30.2,0.08,33.24,0.18,28.36,0.04,28.8,0.14,28.44,0.36,27.16,0.24,30.84,0.28,20.52,0.14,34.24,0.14,35.16,0.3,29.76,0.28,28.24,0.34,25.6,0.06,27.56,0.3,29.16
38,0.08,28.72,0.18,33.28,0.18,27.4,0.02,29.08,0.08,31.52,0.24,31.12,0.22,31.48,0.14,28.92,0.02,31,0.08,36.68,0.1,27.88,0.08,28.48,0.22,30.36,0.08,29.96,0.2,28.8
39,0.16,30.6,0.1,33.76,0.16,28.52,0.02,31.36,0.2,25.44,0.36,29.52,0.22,30.08,0.28,27.32,0.34,27.36,0.18,28.24,0.28,28.36,0.18,29.96,0.32,26.44,0.06,32.52,0.14,28.16
40,0.14,29.4,0.12,31.48,0.04,33.68,0,30.24,0.12,28.32,0.32,27.04,0.2,30.48,0.26,26.76,0.16,35.12,0.1,35.44,0.18,31.64,0.3,28.64,0.24,26.64,0.14,34.16,0.3,26.68
41,0.34,25.72,0.06,35.16,0.06,27.2,0.08,29,0.08,27.84,0.16,24.88,0.24,23.84,0.14,26.12,0.22,29.04,0.26,28.68,0.06,27.72,0.18,29.08,0.12,28.68,0.3,30.08,0.34,29.72
42,0.2,22.4,0.06,32.28,0.08,20.92,0.04,31.84,0.04,32.92,0.26,23.48,0.2,28.6,0.2,29.36,0.14,32.44,0.24,27.36,0.16,32.28,0.1,34.56,0.46,28.84,0.3,32.4,0.3,32.76
43,0.08,22.76,0.06,34.48,0.02,21.8,0.12,33.32,0.08,31.56,0.16,23.72,0.32,24.44,0.22,26.2,0.26,23.24,0.28,27.12,0.22,28.96,0.16,30.32,0.3,29.44,0.12,31.32,0.2,30
44,0.06,21.52,0.14,33.08,0.06,23.52,0.12,31.28,0.32,29.24,0.12,35.36,0.4,21.12,0.18,29.44,0.2,28.72,0.28,29.24,0.28,30.92,0.24,28.64,0.28,33.2,0.24,29.6,0.22,31.08
45,0.06,29.72,0.1,28.68,0,27.52,0.24,30.24,0.22,27.92,0.24,25.76,0.3,30.72,0.18,26.92,0.08,34.56,0.2,29.84,0.3,33.44,0.18,29.68,0.22,29.88,0.36,30.96,0.24,30.16
46,0.02,23.08,0.14,32.92,0.08,28.24,0.16,27.8,0.2,28.64,0.24,27.24,0.18,29.64,0.16,27.4,0.2,32.52,0.34,26.92,0.28,31.48,0.18,29.68,0.32,33.2,0.2,31.44,0.06,37.04
47,0.02,28.84,0.1,23.12,0.1,28.04,0.16,32.56,0.12,32.76,0.34,25.28,0.32,26.84,0.16,25.52,0.26,27.96,0.38,26.88,0.24,35.52,0.32,26.2,0.34,30.56,0.2,31.92,0.28,28.2
48,0.04,30.16,0.16,28.08,0.1,31.84,0.1,30.8,0.1,34.04,0.18,30.64,0.36,21.16,0.04,31.96,0.18,24.96,0.44,26.6,0.18,29.4,0.32,23.16,0.26,30.36,0.28,25.28,0.22,32.68
49,0.02,28.64,0.08,22.32,0.16,32.76,0.06,33.4,0.1,30.28,0.44,25.2,0.26,30.52,0.2,20.64,0.24,34.64,0.36,30,0.2,29.64,0.16,29.16,0.34,31.52,0.24,33.04,0.24,32.16
50,0.04,30.8,0.16,28.28,0.16,28.52,0.16,27.64,0.06,28.52,0.16,29.64,0.14,31.4,0.2,28.76,0.24,30.96,0.24,35.04,0.24,28.6,0.32,29.16,0.14,33.64,0.22,34.12,0.2,33.6
51,0.14,29.12,0.16,27.32,0.18,33.08,0.04,31.96,0.08,30.56,0.28,31.12,0.24,27.12,0.16,24.08,0.4,24.92,0.4,26.8,0.32,24.48,0.26,31.84,0.12,29.32,0.32,29.8,0.14,31.84
52,0.06,34.24,0.16,31.36,0.3,28.12,0.12,30.04,0.16,33.76,0.24,27.8,0.24,24.56,0.28,26.04,0.42,27.08,0.36,28.28,0.14,28.8,0.18,27.76,0.22,27.72,0.22,32.76,0.3,31.28
53,0.26,28.96,0.24,27.92,0.22,31.12,0.14,29.36,0.18,26.8,0.12,27.32,0.24,24.36,0.16,24.44,0.38,26.52,0.36,28.2,0.22,27.6,0.22,26.16,0.34,28.16,0.24,25.36,0.14,33.56
54,0.12,33.84,0.18,25.36,0.2,32.32,0.16,25.84,0.2,28.12,0.06,30.6,0.22,29.48,0.36,26.56,0.38,26.96,0.3,32.56,0.2,27.84,0.44,29.44,0.34,26.16,0.38,28,0.28,31.84
55,0.1,28.44,0.26,25.52,0.22,30.2,0.18,28.16,0.08,33.12,0.22,29.52,0.34,24.68,0.36,30.48,0.36,26.48,0.24,28.8,0.12,28.24,0.3,34.32,0.48,28.56,0.32,33.72,0.24,32.4
56,0.14,33.76,0.12,31.56,0.24,33.32,0.2,29.2,0.16,32.8,0.38,26.28,0.28,30.32,0.32,31,0.22,31.36,0.38,25.48,0.12,33.16,0.34,31,0.22,30.84,0.18,31.56,0.1,32.92
57,0.34,28.64,0.2,30.64,0.16,31.88,0.16,31.84,0.04,27.68,0.28,27.6,0.38,23.92,0.44,27.24,0.38,26.28,0.18,34.08,0.24,24.36,0.24,33.32,0.18,32.56,0.28,28.4,0.18,34.72
58,0.24,31.64,0.12,26.24,0.14,33.16,0.16,35.6,0.08,32.2,0.34,22.28,0.16,23.12,0.3,25.92,0.08,31.84,0.28,29.88,0.2,31,0.26,28.96,0.32,34.28,0.32,29.84,0.3,29.32
59,0.28,29.36,0.04,31.44,0.24,32.92,0.16,30.8,0.02,29.88,0.26,29.88,0.2,28.72,0.28,27.6,0.34,27.12,0.44,27.2,0.24,30.44,0.24,36.44,0.24,33.08,0.32,29.08,0.3,30.56
60,0.24,32.92,0.08,26.8,0.26,28.32,0.14,31.08,0.18,29.84,0.42,22.76,0.28,24.08,0.3,28.88,0.28,31.88,0.24,33.88,0.18,29.84,0.2,32.44,0.36,31.84,0.34,29.12,0.2,32.4
61,0.14,30.48,0.06,24.32,0.22,31.56,0.06,27.36,0.08,34.56,0.28,34,0.26,31,0.26,28.88,0.32,29.24,0.16,37.56,0.2,29.56,0.28,31.96,0.38,23.88,0.22,32.28,0.28,31.76
62,0.26,28.88,0.06,26.08,0.4,28.88,0.24,24.36,0.08,32.36,0.38,27.04,0.2,23.84,0.36,28.36,0.22,29.4,0.32,29.48,0.24,26.76,0.3,29.72,0.28,30.76,0.3,32.32,0.26,27.56
63,0.12,29.48,0.1,29.92,0.26,28.12,0.16,32.4,0.1,35.32,0.36,26.2,0.44,20.92,0.34,28.6,0.2,24,0.26,29.6,0.12,33.92,0.28,35,0.26,29.92,0.2,29.32,0.28,28
64,0.2,31.04,0.04,28.68,0.2,32.2,0.14,28.24,0.16,35.24,0.38,26.88,0.3,31.92,0.48,26,0,33.12,0.16,32.48,0.22,31.76,0.22,33.48,0.14,31.88,0.12,34.8,0.34,29.08
65,0.16,33.64,0.1,26.76,0.2,31.4,0.22,29.8,0.2,31.88,0.34,30,0.2,28.84,0.3,28.72,0.22,27.8,0.16,34.52,0.32,30.4,0.3,26.72,0.04,37.68,0.42,27.72,0.26,31.64
66,0.2,35.24,0.18,29.72,0.16,28.96,0.2,28.96,0.26,32.6,0.3,26.76,0.22,28.8,0.44,24.96,0.3,27.8,0.26,30.04,0.28,31.48,0.2,32.96,0.24,36.2,0.34,30.8,0.32,27.84
67,0.12,35.48,0.1,28.88,0.22,24.32,0.12,29.6,0.1,33.04,0.3,28.88,0.42,25.36,0.32,29.04,0.22,27.24,0.38,29.84,0.26,27.16,0.18,32.76,0.22,31.04,0.26,27.96,0.28,30.16
68,0.1,34.32,0.18,28.36,0.02,28.4,0.22,30.16,0.24,29.36,0.22,32,0.26,24.52,0.36,24.56,0.3,29.04,0.16,32.48,0.3,29.12,0.22,28.04,0.4,30,0.3,30.72,0.36,29
69,0.06,34.92,0.24,29.84,0.12,27.56,0.1,33.76,0.2,35.04,0.18,28.88,0.08,27.96,0.34,29.96,0.24,30.76,0.12,33.16,0.2,30.92,0.16,31.24,0.3,29.08,0.26,31,0.32,31.64
70,0.12,29.4,0.24,28.12,0.02,31.4,0.18,30.28,0.16,27.72,0.22,30.68,0.28,27.56,0.3,30.24,0.18,34.04,0.28,30.04,0.28,30.44,0.28,34.56,0.52,27.96,0.36,31.52,0.24,30.44
71,0.24,30.6,0.24,30.04,0.2,22.72,0.14,30,0.16,32.28,0.32,32.68,0.28,28.28,0.22,31.08,0.16,33.32,0.14,35.48,0.28,31.16,0.2,26.72,0.34,27.68,0.36,26.8,0.36,24.2
72,0.12,33.68,0.22,32.64,0.04,20.08,0.06,27.16,0.24,30.04,0.28,30.2,0.24,29.04,0.28,27.48,0.22,29.68,0.2,33.04,0.36,25.72,0.12,30.44,0.42,26.96,0.3,30.16,0.44,25.96
73,0.32,32.8,0.16,30.92,0.24,30.8,0.1,28.52,0.24,25.6,0.24,25,0.18,31.68,0.36,22.92,0.36,27.92,0.22,33,0.22,35.04,0.38,26.64,0.32,32.88,0.16,33.92,0.24,29.12
74,0.14,33.12,0.22,30.2,0.12,27.96,0.28,25.2,0.2,31.56,0.24,32.36,0.32,21.6,0.36,27.92,0.24,30.72,0.26,29.8,0.32,23.68,0.18,30.92,0.4,26.72,0.3,28.52,0.42,27.08
75,0.18,30.96,0.26,30.8,0.1,23.2,0.18,27.68,0.2,25.32,0.26,31.76,0.24,31.44,0.32,25.84,0.3,29.4,0.26,28.36,0.4,32.28,0.26,31.24,0.34,26.24,0.46,24.2,0.26,29.64
76,0.2,32.96,0.3,29,0.08,24.6,0.26,27,0.28,27.2,0.3,28.56,0.36,29.36,0.5,26.48,0.36,28.32,0.4,27.32,0.32,31.88,0.1,34.88,0.32,33.2,0.26,32.08,0.28,33.08
77,0.14,32.04,0.34,29.96,0.1,23.4,0.24,32.28,0.18,26.88,0.38,25.72,0.34,26.12,0.36,25.04,0.28,28.08,0.26,27.68,0.24,33.12,0.18,24,0.12,34.84,0.24,33.88,0.32,30.52
78,0.2,29.76,0.32,29.72,0.12,23.32,0.08,32.56,0.06,32.44,0.38,26.8,0.22,26.96,0.3,31.76,0.32,26.28,0.18,33.04,0.34,31.6,0.3,29.36,0.28,31.48,0.5,26.48,0.3,30.68
79,0.2,30.44,0.3,30.6,0.16,27.24,0.18,33.76,0.3,26.8,0.2,28.4,0.2,35.12,0.44,25,0.3,32.8,0.2,32.36,0.26,31.04,0.32,31.68,0.28,30.16,0.2,33.52,0.34,30.96
80,0.26,31.36,0.36,26.24,0.26,28.52,0.12,32.24,0.2,26.4,0.4,22.92,0.3,29.72,0.36,30.4,0.26,26.08,0.32,29.52,0.24,34.88,0.22,30.28,0.34,26.4,0.3,28.88,0.46,26.6
81,0.42,27.8,0.28,31.8,0.26,27.44,0.2,34.08,0.2,29.6,0.42,26.4,0.54,26.68,0.32,28.32,0.3,29.24,0.18,33.12,0.16,30.24,0.12,36.28,0.26,35.68,0.34,27.28,0.3,34.76
82,0.38,27.6,0.28,29.12,0.26,28.8,0.2,32.92,0.2,23.12,0.3,27.04,0.48,24.88,0.16,29.2,0.22,31.64,0.38,30.16,0.24,34,0.2,28.28,0.36,27.04,0.36,30.84,0.3,34.08
83,0.36,28.68,0.18,32.32,0.26,30,0.12,31.32,0.1,29.32,0.26,28.8,0.32,31.32,0.26,31.04,0.42,28.16,0.22,28,0.2,33.04,0.24,32.68,0.12,37.72,0.26,31.56,0.36,30.56
84,0.28,28.72,0.28,30.76,0.4,27,0.18,30.68,0.2,29.72,0.26,29.24,0.36,30.48,0.32,29.44,0.28,29.48,0.32,26.64,0.26,31.44,0.14,35.84,0.18,36.2,0.28,26.24,0.24,33.2
85,0.2,32.56,0.22,31.24,0.32,26,0.22,30.12,0.32,22.84,0.3,30.92,0.44,27.56,0.22,30.04,0.22,30.4,0.18,27.68,0.28,31.28,0.26,33.24,0.32,28.84,0.24,29.16,0.2,30.56
86,0.32,28.4,0.18,31.32,0.38,30,0.22,30.32,0.22,25.8,0.28,28.08,0.4,26.64,0.5,20.2,0.22,33.88,0.36,30.16,0.04,34.48,0.26,32.56,0.36,26.24,0.28,32.48,0.18,30.16
87,0.16,32.52,0.18,29.36,0.24,30.08,0.2,26.24,0.24,28.68,0.26,27,0.28,30.92,0.2,31.68,0.28,33.6,0.28,26.48,0.14,33.72,0.16,28.24,0.42,27.8,0.3,29.6,0.26,27.28
88,0.38,27.92,0.3,29,0.28,28.88,0.28,28.08,0.18,26.96,0.3,29.04,0.36,28.28,0.2,33.48,0.18,34.6,0.14,31.4,0.06,33.8,0.34,29.72,0.44,24.32,0.3,34.2,0.3,27.96
89,0.28,26,0.2,27.4,0.4,27.8,0.14,27.72,0.26,29.16,0.36,27.04,0.3,31.96,0.42,29.76,0.34,29.84,0.12,35.08,0.12,32.48,0.26,31.76,0.56,24.44,0.2,28.16,0.3,26.64
90,0.4,28,0.26,28.84,0.38,29.8,0.32,25.04,0.36,25.44,0.34,26.64,0.24,27.36,0.32,25.84,0.36,24,0.2,29.72,0.16,33.68,0.22,31.68,0.34,32.16,0.16,33.16,0.26,31.28
91,0.34,28.8,0.18,31.12,0.22,30.72,0.26,28.4,0.14,30.84,0.22,27.16,0.42,29.4,0.28,32.64,0.3,25.4,0.22,22.88,0.32,29.08,0.22,33.64,0.28,31.2,0.26,30.44,0.3,26.96
92,0.48,25.36,0.38,27.12,0.28,27.12,0.26,28.56,0.32,27.64,0.34,25.12,0.4,25.08,0.22,31.8,0.28,29.16,0.3,32.12,0.22,32.04,0.3,30.56,0.34,29.44,0.34,29.28,0.36,27.68
93,0.3,31.28,0.2,32.28,0.3,29.48,0.1,32.84,0.24,28.08,0.32,30.68,0.5,24.84,0.18,33.08,0.34,31,0.2,33.84,0.26,31.76,0.28,30.32,0.22,32.88,0.32,27.6,0.32,30.08
94,0.38,29.6,0.28,28.68,0.4,26.36,0.24,28.88,0.22,30.88,0.24,29.52,0.44,30.32,0.38,24.96,0.24,30.68,0.28,28.84,0.22,33.56,0.28,34.08,0.44,26.16,0.3,28.64,0.36,31.32
95,0.22,29.76,0.2,27.12,0.3,29.32,0.42,23.84,0.34,28.2,0.2,23.08,0.42,25.88,0.3,32.2,0.3,30.92,0.32,28.28,0.28,23.16,0.22,29.36,0.32,36.08,0.28,35.6,0.24,33.12
96,0.28,30.12,0.3,22.36,0.3,27.68,0.3,27.04,0.32,28.36,0.42,18.48,0.28,26.32,0.14,35.32,0.28,25.2,0.22,29.08,0.3,27,0.38,23.12,0.34,28.88,0.24,31.96,0.26,30.88
97,0.4,28.76,0.3,28.56,0.4,31.04,0.24,28.28,0.18,29.44,0.4,20.64,0.34,28.96,0.22,32.84,0.28,29.68,0.16,32.2,0.24,33.76,0.28,30.68,0.38,28.84,0.48,24.48,0.2,33
98,0.22,30.36,0.34,28.96,0.36,26.64,0.24,31.4,0.24,29.2,0.28,28.68,0.26,30.8,0.4,28.32,0.26,26.92,0.16,35.8,0.26,29.96,0.2,27.16,0.24,34.28,0.38,28.24,0.34,29.76
99,0.28,30.04,0.24,31.44,0.5,24.12,0.24,27.32,0.3,26.88,0.3,30.2,0.4,28.96,0.34,27.52,0.32,30.32,0.38,28.04,0.24,28.84,0.26,32.2,0.24,32.56,0.28,31.88,0.24,33.68
100,0.22,28.68,0.3,27.04,0.3,27.44,0.24,25.8,0.4,26.08,0.3,27.08,0.28,25.64,0.24,33,0.44,28.24,0.28,29.76,0.3,26.48,0.26,29.2,0.34,31.44,0.22,33.96,0.22,31.36
101,0.3,25.88,0.22,28.56,0.24,27.68,0.26,29.76,0.24,27.96,0.42,27.4,0.46,24.48,0.3,29.36,0.24,30.12,0.32,27.72,0.24,26,0.32,31.48,0.3,30.44,0.3,32.32,0.24,25.72
102,0.76,19.44,0.26,29.48,0.86,16,0.56,23.52,0.18,30.64,0.62,19.8,0.74,26.44,0.86,15.72,0.7,18.56,0.7,35.28,0.56,18.92,0.72,25.2,0.78,18.8,0.62,19.72,0.62,19.96
103,0.84,18.96,0.56,18.44,0.56,22.64,0.66,23.32,0.38,28.12,0.54,17.68,0.74,17.76,0.8,23.36,0.76,18.4,0.52,30.04,0.5,28.96,0.54,23.84,0.72,21.96,0.8,21.4,0.64,21.88
104,0.48,23.72,0.56,14.28,0.88,16.96,0.7,25.36,0.5,27.72,0.76,18.68,0.86,17.16,0.68,21.76,0.8,24.36,0.74,21,0.6,25.2,0.66,27.44,0.78,15.6,0.8,20.44,0.72,21.16
105,0.52,25.32,0.68,19,0.74,18.8,0.76,19.64,0.58,24.76,0.62,20.28,0.76,19.12,0.76,21.64,0.52,26.08,0.58,24.96,0.66,31,0.5,25.76,0.84,15.48,0.64,32.88,0.72,22.8
106,0.76,18.48,0.32,20.92,0.78,16,0.7,21.84,0.48,28.56,0.58,27.96,0.72,29.2,0.74,21.2,0.62,20,0.54,25.64,0.66,30.88,0.66,18.96,0.78,19.36,0.58,21.6,0.68,27.36
107,0.86,18.44,0.56,16.76,0.62,21.48,0.64,22,0.52,25.92,0.66,20.96,0.74,20.12,0.76,21.32,0.54,23.88,0.5,20.8,0.7,28.88,0.62,23.24,0.78,16.6,0.64,24.48,0.82,26.16
108,0.84,18.24,0.72,18.28,0.7,20.84,0.7,20.28,0.64,23.56,0.68,22.84,0.78,21.52,0.68,22.8,0.52,28.12,0.74,20.68,0.44,29.32,0.7,16.76,0.76,19.76,0.7,27.6,0.68,24.2
109,0.6,18.84,0.8,19.76,0.66,19.96,0.66,20.32,0.44,29.04,0.58,25.16,0.82,21.56,0.7,25.6,0.3,27.76,0.4,27.08,0.16,30.64,0.68,16.56,0.64,19.56,0.66,22.08,0.66,20.92
110,0.58,20.48,0.74,20.56,0.54,21.8,0.64,21.6,0.46,28.56,0.3,22.64,0.64,27.6,0.8,19.24,0.2,34.6,0.48,33,0.14,29.68,0.58,21.32,0.7,20.48,0.56,23.28,0.52,28.68
111,0.7,19.84,0.8,18.36,0.66,21.72,0.7,18.44,0.48,23.52,0.32,24.12,0.72,19.76,0.7,19.88,0.34,22.28,0.56,26.28,0.14,27.36,0.64,22.8,0.76,15.24,0.72,18.04,0.52,23.44
112,0.86,20.36,0.82,17.36,0.78,18.96,0.4,22.08,0.52,25.44,0.44,28.28,0.78,26,0.6,21.36,0.6,26.28,0.52,21.56,0.16,24.8,0.68,17.68,0.82,15.44,0.72,26.12,0.32,23.04
113,0.82,19.64,0.74,16.28,0.7,22.28,0.64,20.44,0.58,22.88,0.48,19.52,0.68,23,0.66,17.64,0.16,32.4,0.48,27.04,0.26,24.32,0.66,29.32,0.78,16.4,0.62,27.68,0.8,16.44
114,0.82,17.64,0.72,17.24,0.68,22.16,0.66,20.2,0.48,24,0.22,21.4,0.6,21.32,0.7,25.36,0.36,22.4,0.6,22.6,0.2,32,0.66,26.32,0.66,18.88,0.6,27,0.52,25.88
115,0.5,24.04,0.76,18,0.7,21.16,0.7,19.68,0.6,22.44,0.54,18.12,0.8,21.36,0.76,19.88,0.58,21.12,0.62,24.64,0.6,31.12,0.68,17.36,0.7,19.36,0.6,25.72,0.52,23.72
116,0.68,21,0.7,19.16,0.58,21.72,0.64,20.72,0.58,22.72,0.38,16.4,0.7,19.6,0.52,25.92,0.48,21.64,0.66,19.88,0.68,25.44,0.58,21.2,0.7,18.52,0.64,23.76,0.66,18.88
117,0.76,18.28,0.72,17.52,0.72,20.16,0.62,20.2,0.48,22.04,0.62,23.24,0.68,20.16,0.68,21.72,0.74,21.16,0.72,23.2,0.66,23.28,0.52,18.48,0.78,24.8,0.58,23.84,0.48,18.92
118,0.76,19.68,0.68,17.24,0.9,17.44,0.68,23.04,0.7,20.8,0.4,17.48,0.76,18.96,0.54,30.08,0.78,16.36,0.54,24.36,0.6,34.12,0.2,29.08,0.66,21.6,0.58,21.88,0.58,23.04
119,0.46,24.32,0.7,17.28,0.9,18.44,0.82,18.48,0.58,20.48,0.52,15.88,0.7,19.08,0.64,21.04,0.64,25.52,0.68,21.08,0.7,18.8,0.7,22.24,0.7,15.24,0.68,23.12,0.62,22.48
120,0.7,19.2,0.78,14.92,0.64,23.24,0.6,24.4,0.56,24,0.58,22.6,0.58,15.48,0.38,27.76,0.56,22.16,0.64,23.08,0.76,27.96,0.18,32.52,0.78,16.64,0.68,23.08,0.64,22.68
121,0.52,22.68,0.7,16.08,0.84,16.92,0.6,24.04,0.56,21.68,0.58,15.2,0.72,33.72,0.56,21.88,0.74,15.92,0.64,18.36,0.26,30.92,0.48,25.92,0.78,17,0.46,29.08,0.54,28.44
122,0.62,21.84,0.8,15.84,0.86,17,0.74,20.36,0.58,21.36,0.2,14.84,0.74,17.68,0.74,19.16,0.72,19.36,0.54,22.48,0.66,25.24,0.76,21.96,0.72,15.92,0.6,27.2,0.66,23.88
123,0.56,21.52,0.82,17.64,0.6,23.52,0.72,22.92,0.62,21.76,0.3,28.6,0.72,18.24,0.56,23.56,0.58,23,0.68,18.64,0.1,31.92,0.66,22.76,0.72,16.84,0.48,28.76,0.18,32.52
124,0.74,17.92,0.76,15.4,0.62,21.64,0.6,21.84,0.6,23.36,0.74,19.92,0.78,18.4,0.66,16.16,0.74,18.52,0.48,24.2,0.24,34.72,0.56,21.8,0.66,22.08,0.6,25.8,0.1,30.24
125,0.66,21.36,0.84,17.68,0.74,16.04,0.46,25.28,0.62,19.84,0.72,25.04,0.76,18.84,0.68,22.32,0.68,17.36,0.7,20.64,0.16,37.24,0.48,24.4,0.68,18.84,0.62,20.8,0.28,27.16
126,0.84,19.2,0.8,16.48,0.66,19.28,0.6,23.6,0.64,20.68,0.74,18.64,0.68,17.32,0.56,20.52,0.74,16.56,0.72,21.04,0.52,22.04,0.56,24.08,0.66,21.64,0.64,23.48,0.56,24.48
127,0.74,19,0.74,16.96,0.62,21.08,0.58,23.8,0.68,21.64,0.6,19.12,0.64,27.72,0.64,19.68,0.74,18.48,0.6,21.24,0.54,21.32,0.66,21.96,0.86,16.32,0.78,19.36,0.48,20.48
128,0.74,19.32,0.74,19.04,0.8,17.4,0.56,21.84,0.72,20.88,0.38,19.52,0.56,17,0.54,17.68,0.7,17.48,0.54,27.88,0.16,29.2,0.64,24.6,0.78,14.24,0.8,17.68,0.64,21.12
129,0.7,21.04,0.8,17,0.82,22.2,0.58,23.72,0.68,21.92,0.72,21.56,0.62,16.84,0.66,20.4,0.74,17,0.46,21.96,0.2,35.12,0.78,19.12,0.78,20.2,0.64,20.8,0.66,16.6
130,0.78,18.8,0.74,16.88,0.82,18.04,0.68,19.16,0.64,19.56,0.66,25.2,0.88,19.72,0.66,20.2,0.72,21,0.68,21.08,0.14,32.2,0.74,16.36,0.9,16.4,0.7,24.04,0.56,27.92
131,0.64,24.32,0.8,16.56,0.64,18.24,0.72,17.88,0.8,16.6,0.78,18.4,0.74,19.04,0.58,20.92,0.58,20.84,0.7,20.04,0.04,33.92,0.56,17.84,0.72,16.44,0.58,26.28,0.72,27.56
132,0.66,20.6,0.64,15.76,0.72,16.48,0.66,20.2,0.68,19.8,0.66,17.04,0.66,18.52,0.68,19.72,0.76,18.36,0.72,17.64,0.06,31.16,0.64,19.72,0.72,21.88,0.6,19.44,0.7,17.8
133,0.82,18.92,0.78,17.52,0.6,17.72,0.66,18.48,0.78,17.04,0.8,17.56,0.7,20.08,0.7,18,0.68,17.6,0.5,26.96,0.24,33.68,0.62,27,0.64,25.4,0.74,19.68,0.54,18.2
134,0.74,20.28,0.82,16.4,0.6,18.24,0.76,18.04,0.82,16.96,0.74,17.16,0.72,18.52,0.72,20.44,0.64,19.28,0.54,20.64,0.24,32.88,0.72,17.52,0.7,19.88,0.76,17.44,0.62,21.92
135,0.84,20.4,0.64,16.28,0.68,17.8,0.74,19.88,0.68,18.68,0.76,15.8,0.84,20.2,0.6,24.12,0.76,20.88,0.64,20.68,0.46,29.8,0.62,19.08,0.8,22.88,0.8,16.4,0.78,23.92
136,0.68,19.16,0.78,16.52,0.84,17,0.68,18.24,0.88,15.16,0.7,17.28,0.9,23.56,0.52,20.44,0.7,23.12,0.64,24.6,0.14,38.24,0.68,18.56,0.7,22.2,0.62,20.04,0.68,18
137,0.56,22.44,0.84,17.48,0.76,16.32,0.76,18.84,0.82,17,0.8,18.92,0.78,17.76,0.66,23.4,0.74,19.48,0.56,20.68,0.3,28.24,0.52,20.56,0.82,18.4,0.66,21,0.64,17.64
138,0.68,20.88,0.68,16.24,0.78,18.24,0.72,21.28,0.8,14.92,0.68,16.2,0.8,18.6,0.84,17.08,0.32,27.28,0.6,20.92,0.2,36,0.6,20.4,0.74,19.48,0.54,20.68,0.76,16.8
139,0.64,17.6,0.76,16.4,0.88,15.56,0.72,19.12,0.62,19.36,0.7,14.36,0.68,19.8,0.68,19.96,0.34,24.84,0.62,20.4,0.64,29.6,0.52,22.56,0.64,19.24,0.62,22.28,0.64,16.68
140,0.74,18.4,0.84,16.32,0.68,17.32,0.44,27.56,0.8,16.8,0.66,18.96,0.78,20.36,0.68,20.8,0.58,20.64,0.64,19.32,0.24,28.4,0.54,18.32,0.76,27.04,0.52,20.72,0.38,26.92
141,0.84,20.16,0.7,17.04,0.74,16.8,0.58,23.2,0.76,13.6,0.58,21.48,0.74,19.72,0.76,17.36,0.66,16.72,0.6,21.2,0.68,31.92,0.68,20.28,0.82,17.76,0.62,18.8,0.6,21.88
142,0.54,21.16,0.7,14.4,0.7,18.92,0.68,23.48,0.84,16.32,0.62,16.92,0.7,15.88,0.68,19.36,0.56,16.6,0.52,19.84,0.62,23.28,0.64,16.08,0.72,16.16,0.42,26.64,0.32,19.84
143,0.58,19.96,0.8,15.56,0.62,16.84,0.68,19.2,0.74,17,0.64,16.08,0.78,18.92,0.68,21.8,0.68,20.16,0.54,23.44,0.78,25.8,0.66,18.2,0.76,19.92,0.6,18.6,0.28,27.2
144,0.58,19.2,0.72,14.24,0.66,16.88,0.78,20.56,0.78,14.44,0.58,18.76,0.72,18.32,0.68,15.68,0.8,15.16,0.58,20.28,0.74,20.88,0.72,17.68,0.68,22,0.64,20.88,0.62,25.44
145,0.76,18.12,0.82,16,0.6,16.64,0.68,18.4,0.84,14.64,0.66,17.36,0.68,22.16,0.66,17.96,0.8,16.8,0.58,23.52,0.6,23.24,0.76,17.76,0.78,18.32,0.56,20,0.4,24.04
146,0.72,21.04,0.68,14.92,0.62,19.44,0.78,17.92,0.84,16.4,0.64,14.96,0.64,22.56,0.82,18.44,0.72,14.28,0.64,22.48,0.54,21.96,0.52,20.52,0.74,17.8,0.54,21.96,0.2,30.68
147,0.56,19.52,0.7,17.84,0.76,17.44,0.76,19.44,0.74,16.96,0.56,15.76,0.84,17.16,0.7,15.84,0.68,17.8,0.5,23.64,0.7,25.76,0.64,16.68,0.76,15.68,0.56,25.16,0.54,22.64
148,0.48,19.52,0.78,16.56,0.66,20.76,0.68,20.84,0.6,16.32,0.7,13.72,0.66,34.36,0.7,15.88,0.64,16.6,0.52,24.8,0.58,22.48,0.62,19.8,0.74,18.36,0.76,17.88,0.44,29.4
149,0.62,16.92,0.72,15.92,0.58,17.08,0.66,19.12,0.78,16.2,0.74,16.48,0.64,18.4,0.64,18.16,0.72,17.56,0.54,17.48,0.66,23.2,0.7,19.28,0.86,17.68,0.56,21,0.42,25.68
150,0.36,17.08,0.82,14.68,0.72,18,0.74,18.6,0.72,16.92,0.8,14.76,0.7,21.24,0.68,18.84,0.7,17.72,0.62,19.24,0.42,26.64,0.54,20.92,0.58,16.56,0.7,17.64,0.66,21.2
151,0.22,19.72,0.74,16.76,0.78,19.64,0.84,18.72,0.68,18.28,0.62,12.76,0.8,19.04,0.62,18,0.68,17.72,0.66,21.96,0.58,21.64,0.6,15.4,0.82,15.48,0.66,24.64,0.68,23.8
152,0.26,17.84,0.72,17.68,0.68,17.04,0.72,18.64,0.72,14.84,0.68,14.8,0.72,18.88,0.78,16.2,0.72,17.72,0.7,20.2,0.44,25.8,0.7,17.84,0.64,19.04,0.7,16.76,0.52,24.2
153,0.2,17.68,0.68,16.6,0.72,18.56,0.8,18.04,0.76,15.8,0.74,15.48,0.66,17.96,0.74,18.72,0.7,18.72,0.6,24.04,0.6,28.96,0.6,22.12,0.8,19.04,0.64,19.52,0.56,23.68
154,0.2,16.68,0.7,16.04,0.74,18.84,0.68,19.56,0.62,14.6,0.62,16.2,0.62,18.08,0.72,15.16,0.68,17.76,0.46,22.92,0.48,21.92,0.6,19.16,0.76,17.6,0.6,20.28,0.68,23
155,0.58,17.32,0.8,15.12,0.64,21.16,0.76,18.52,0.74,14.2,0.64,17.52,0.16,27.56,0.64,17,0.76,15.92,0.54,19.4,0.32,29.24,0.6,19.6,0.7,15.4,0.58,26.44,0.6,23.44
156,0.34,21.72,0.86,15.36,0.66,24.2,0.78,19.52,0.72,15.04,0.72,18.48,0.76,16,0.8,21.88,0.74,18.48,0.56,24.28,0.6,25.36,0.64,20.28,0.64,16.24,0.74,18.96,0.68,19.76
157,0.5,22.16,0.74,18.32,0.64,17.08,0.78,17.56,0.7,16.08,0.58,17.52,0.72,21,0.7,17.52,0.7,16.72,0.52,23.92,0.62,17.36,0.48,24.4,0.88,22.24,0.6,18.56,0.56,23.44
158,0.5,21.2,0.68,17.32,0.64,16.56,0.68,19.8,0.78,13.68,0.64,19.16,0.68,17.6,0.76,15.2,0.74,16.64,0.64,20.68,0.58,28.88,0.74,15.68,0.72,17.92,0.54,22.08,0.26,34.6
159,0.56,21.36,0.84,15.24,0.66,21.76,0.64,22.16,0.66,16,0.62,17.6,0.6,18.64,0.76,13.88,0.82,15.52,0.62,18.48,0.7,23.28,0.56,18.96,0.72,18.32,0.62,19.6,0.64,24.24
160,0.52,23.96,0.58,17.04,0.74,18.96,0.78,18.12,0.6,16.68,0.62,14.84,0.8,15,0.72,17.08,0.8,16.28,0.64,20.8,0.64,18.48,0.6,17.92,0.7,19.64,0.82,18.76,0.58,27.04
161,0.72,17.88,0.68,15.4,0.78,17.2,0.78,19.48,0.78,13.96,0.7,15.76,0.8,14.72,0.42,21.16,0.78,15.6,0.72,20,0.72,21.88,0.7,19,0.74,17.52,0.72,19.56,0.46,27.36
162,0.74,20.2,0.72,16.16,0.6,19.8,0.78,18.52,0.66,14.72,0.7,17.08,0.6,15.36,0.72,18.76,0.82,15.84,0.52,20.64,0.68,25.68,0.72,17.64,0.86,18.76,0.56,21.28,0.62,19.88
163,0.5,21.52,0.84,17.2,0.88,17.88,0.72,19.72,0.68,15.08,0.62,18.52,0.62,14.92,0.62,19,0.8,16.64,0.66,20.64,0.64,24.6,0.84,14.12,0.76,20.84,0.72,20,0.7,23.44
164,0.66,18.6,0.86,15.84,0.76,17,0.8,19.48,0.76,14.4,0.7,17,0.74,18.8,0.76,19.28,0.76,14.72,0.68,19.08,0.76,22.64,0.64,19.56,0.68,17.32,0.58,20.12,0.74,18.08
165,0.46,21.56,0.74,17.48,0.72,18.2,0.78,22.36,0.58,15.64,0.64,17.28,0.72,16.8,0.68,17.92,0.86,15.72,0.64,20.64,0.68,25.56,0.62,18.24,0.84,17.12,0.52,21.24,0.76,16.04
166,0.52,21.88,0.78,17.52,0.72,17.48,0.82,18.6,0.68,14.72,0.48,19.44,0.7,19,0.66,18.88,0.7,15.2,0.58,22.96,0.7,21.68,0.62,17.92,0.84,28.12,0.7,19.44,0.82,16.04
167,0.58,20.56,0.74,16.8,0.8,17.56,0.74,19.92,0.58,16.48,0.66,17.88,0.74,20.32,0.8,14.04,0.66,15.44,0.66,23.96,0.8,20.84,0.6,19.24,0.74,18.72,0.66,20.76,0.7,17.44
168,0.38,22.4,0.78,15.96,0.56,17.76,0.64,20.72,0.66,16.52,0.64,18.2,0.7,18.08,0.7,16.68,0.72,16,0.58,20.76,0.8,23.28,0.64,21.48,0.84,18.56,0.6,17.36,0.62,18.96
169,0.56,22.6,0.82,17.4,0.76,16.2,0.56,24.76,0.66,15.76,0.6,21.84,0.7,14.16,0.78,15.84,0.78,18.28,0.58,24.12,0.74,25,0.62,22.96,0.84,16.76,0.76,17.12,0.7,17.44
170,0.8,17.36,0.72,21.6,0.64,20.84,0.6,24.04,0.66,16.84,0.62,17.56,0.68,16.6,0.7,14.6,0.7,17.08,0.56,21.24,0.66,22.08,0.68,15.84,0.76,20.56,0.64,18.64,0.68,16.52
171,0.7,17.92,0.8,15.56,0.58,18.44,0.78,21.96,0.62,22.76,0.64,17.56,0.72,17.44,0.7,14.92,0.7,15.24,0.62,21.96,0.64,19.76,0.72,17.64,0.72,18.12,0.64,20.2,0.64,16.92
172,0.62,17.72,0.86,18.92,0.46,20.56,0.62,20.96,0.48,21.76,0.52,15.84,0.74,16.6,0.76,15.6,0.76,17.04,0.56,20.76,0.72,23.6,0.62,22.24,0.64,18.6,0.6,20.12,0.74,17
173,0.62,19.2,0.74,22.96,0.8,20.48,0.36,32,0.28,20.72,0.66,15.6,0.82,14.36,0.86,17.08,0.74,16.48,0.66,24.88,0.72,21.36,0.66,16.76,0.8,26.8,0.74,16.68,0.84,16.64
174,0.66,18,0.8,20.96,0.64,18.32,0.6,21.84,0.7,18.6,0.68,19.16,0.7,14.64,0.68,18.44,0.76,14.8,0.58,23.24,0.66,22.2,0.6,18.6,0.78,18.96,0.64,22.68,0.74,15
175,0.74,20.76,0.72,19.96,0.68,19.6,0.74,19.96,0.36,17.32,0.66,16.16,0.58,14.68,0.8,19.72,0.72,16.96,0.56,24.52,0.7,22.72,0.64,20.12,0.62,19.24,0.6,22.92,0.82,23.64
176,0.8,18.72,0.8,16.64,0.6,18.48,0.64,22.48,0.3,19.16,0.74,18.04,0.64,17.92,0.62,22.16,0.78,18.96,0.68,21.92,0.84,18.8,0.68,16.84,0.72,18.64,0.58,21.2,0.72,18.24
177,0.66,20.12,0.58,20.4,0.7,19.4,0.5,25.84,0.1,18.2,0.64,23.8,0.7,16.88,0.78,16.52,0.66,19.08,0.52,29.72,0.68,22.64,0.6,18.72,0.8,27.12,0.6,21.36,0.54,15.96
178,0.7,19.44,0.72,17.72,0.68,18.48,0.64,22.48,0.22,21.4,0.62,18.84,0.74,16.76,0.76,21.84,0.7,17.84,0.52,27.28,0.74,23.4,0.48,20.52,0.62,21.88,0.64,19.52,0.62,26.76
179,0.62,19.2,0.58,17.92,0.76,18.52,0.64,21.84,0.34,24.4,0.66,17.6,0.78,15.56,0.76,16.44,0.78,17.68,0.52,23,0.72,21.2,0.64,17.8,0.72,19,0.54,23.16,0.5,22.88
180,0.56,19.16,0.68,18.36,0.78,17.24,0.6,21.36,0.28,26.28,0.66,16.92,0.64,18.6,0.76,20.4,0.66,18.52,0.56,25.52,0.84,21.6,0.58,17.32,0.72,16.08,0.56,24.52,0.64,19.4
181,0.42,19.88,0.64,20.28,0.78,18.2,0.36,26.04,0.1,25.64,0.58,17.56,0.72,18.72,0.68,18.16,0.74,17.6,0.68,19.04,0.62,19.92,0.7,18.16,0.72,20.64,0.58,21.76,0.6,23.84
182,0.6,19.72,0.7,20.64,0.78,16.36,0.7,21.4,0.28,27.92,0.44,19.48,0.72,16.32,0.66,15.16,0.8,18,0.68,21.36,0.72,19.88,0.72,17.64,0.64,20.2,0.48,23.6,0.58,19.2
183,0.7,18.92,0.66,18.28,0.64,17.44,0.68,19.36,0.34,27.92,0.54,19.56,0.82,17.44,0.8,17.72,0.66,19.6,0.54,23.56,0.68,23.12,0.7,15.92,0.52,22.56,0.58,19.92,0.62,21.8
184,0.62,18.84,0.72,16.76,0.72,18.2,0.76,19.48,0.26,33.88,0.74,13.92,0.66,19.2,0.66,17,0.86,18.28,0.54,22.6,0.78,22.12,0.6,19.64,0.78,20.36,0.56,22.24,0.8,23.08
185,0.54,20.08,0.46,24.04,0.86,18.36,0.78,20.32,0.44,31.16,0.62,15.24,0.72,19,0.66,18.88,0.7,18.48,0.48,20.64,0.8,20.48,0.58,18.28,0.88,17.44,0.5,24.24,0.58,23.8
186,0.72,17.2,0.76,16.04,0.62,19.64,0.78,22.04,0.56,22.16,0.66,15.16,0.76,17.56,0.7,17.8,0.66,16.76,0.54,22.16,0.66,20.24,0.78,15.6,0.78,18.84,0.54,24.2,0.66,23.16
187,0.54,19.32,0.66,20.92,0.7,17.68,0.62,26.52,0.62,22.84,0.68,15.08,0.7,16.88,0.68,15.96,0.72,17.44,0.48,23.72,0.76,19.12,0.72,17.08,0.64,22,0.52,23.4,0.56,21.4
188,0.64,19.08,0.78,16,0.72,17.96,0.68,28.76,0.38,28.76,0.54,16.08,0.74,18.4,0.66,17.44,0.76,16,0.66,18.8,0.82,18.92,0.78,16.76,0.72,21.8,0.48,22.28,0.74,19.32
189,0.86,19.36,0.8,15.52,0.68,20.8,0.6,21.36,0.5,23.48,0.68,16.72,0.54,20,0.74,16.28,0.7,16.24,0.62,22.88,0.7,22.68,0.54,21.56,0.88,20.56,0.6,21.88,0.6,21.24
190,0.64,18.44,0.62,18.36,0.62,19.04,0.88,20.48,0.68,20.76,0.72,14.24,0.68,18.88,0.8,15.6,0.7,17.44,0.48,23.6,0.78,20.24,0.74,17.08,0.64,22.04,0.66,19.52,0.54,18
191,0.76,18.2,0.72,15.76,0.78,15.88,0.7,21.08,0.62,18.8,0.72,17.8,0.68,19.64,0.72,19.36,0.72,17.24,0.5,23.88,0.78,19.52,0.52,23.44,0.7,20.96,0.54,23.2,0.7,15.4
192,0.66,18.64,0.74,17.76,0.62,20.84,0.64,20.12,0.5,22.72,0.56,20.92,0.6,19.84,0.76,16.76,0.72,17.56,0.5,25.16,0.8,19.6,0.58,20.64,0.56,19.08,0.62,22.8,0.48,20.44
193,0.52,22,0.7,16.52,0.78,14.76,0.78,20.52,0.7,19.4,0.76,17.08,0.7,19.08,0.78,15.2,0.82,17,0.5,26.24,0.72,19.92,0.66,17.56,0.72,19.16,0.52,19.56,0.68,18.2
194,0.7,18.12,0.82,15.4,0.78,16.56,0.86,19.12,0.56,22.4,0.74,13.8,0.62,21.28,0.7,21.44,0.62,16.12,0.7,19.88,0.64,21.28,0.72,19.2,0.64,18.12,0.62,19.72,0.74,15.96
195,0.58,19.6,0.68,19.12,0.66,18.28,0.76,19.76,0.76,22.8,0.66,13.36,0.68,19.08,0.72,17.2,0.72,17.24,0.54,21.2,0.8,21.56,0.6,21.04,0.78,18.88,0.66,19.6,0.72,17.2
196,0.68,23.04,0.78,16.52,0.7,17,0.68,19.6,0.44,23.84,0.8,13.36,0.68,21.48,0.76,18.68,0.66,18.48,0.56,24.56,0.64,23.44,0.64,20.56,0.64,27.64,0.62,22.32,0.8,16.2
197,0.5,23.24,0.7,16,0.62,17.48,0.86,17.44,0.5,24.44,0.58,18.72,0.76,16.92,0.62,17.96,0.72,21.32,0.7,21.04,0.68,21.44,0.56,21.64,0.84,16.64,0.68,18.64,0.58,20.76
198,0.46,23.48,0.88,15.16,0.7,16.44,0.66,17.16,0.38,22.72,0.74,16.12,0.62,22.56,0.64,19.68,0.7,17,0.6,24.72,0.68,22.48,0.6,20.48,0.72,24.48,0.54,20.64,0.5,22.4
199,0.54,22.04,0.8,16.64,0.82,17.88,0.76,20.44,0.5,19.92,0.68,16.52,0.7,19.32,0.66,19,0.62,18.32,0.6,22.92,0.72,23.48,0.8,18.4,0.82,16.84,0.74,18.76,0.62,21.4
200,0.58,23.8,0.72,16.2,0.74,16.08,0.86,19.64,0.54,20.68,0.76,15.08,0.58,19.24,0.76,16.28,0.66,17.64,0.54,24.44,0.62,22.6,0.7,18.12,0.74,16.08,0.74,19.8,0.64,21.12
201,0.72,19.64,0.78,14.44,0.72,17.8,0.72,19.52,0.68,20.16,0.78,15.96,0.82,18.36,0.6,18.48,0.76,18.56,0.56,23.04,0.64,18.84,0.58,21.68,0.7,18.24,0.6,21.32,0.5,20.76
202,0.66,23.96,0.66,18,0.72,17.64,0.74,19.6,0.58,24.64,0.52,19.52,0.68,19.2,0.68,18.92,0.74,18.32,0.58,24.6,0.76,18.92,0.7,21.56,0.9,16.44,0.6,22.4,0.7,21.8
203,0.78,19.72,0.76,18.36,0.6,17.8,0.76,20.52,0.68,17.36,0.66,16.52,0.8,16.08,0.58,19.92,0.76,17.48,0.64,20.08,0.72,22.92,0.6,19.12,0.66,16.72,0.6,19.76,0.5,25.32
204,0.6,23.16,0.82,17.4,0.78,17.68,0.56,18.8,0.66,19.12,0.66,17.68,0.8,17.88,0.78,16.84,0.7,18.32,0.52,23.48,0.52,19.48,0.58,19.76,0.76,16.96,0.58,17.08,0.66,17.52
205,0.68,21.6,0.7,17.2,0.76,16.6,0.82,17.64,0.9,18.2,0.7,20.56,0.66,19.32,0.72,17.32,0.72,16,0.72,19.56,0.62,22.96,0.68,21.44,0.78,14.2,0.62,24.36,0.58,20.24
206,0.74,19.56,0.82,17.76,0.84,17.8,0.8,16.72,0.64,18.56,0.7,15.44,0.68,18.52,0.76,19.52,0.8,16.56,0.54,24.24,0.68,18.76,0.72,18.04,0.82,14.72,0.64,21.44,0.74,17.72
207,0.54,23.16,0.76,20.08,0.7,18.8,0.86,17.8,0.52,23.28,0.74,17.56,0.76,18.88,0.74,17.28,0.62,20.24,0.56,19.68,0.58,18.56,0.72,17.6,0.84,15.88,0.64,20.84,0.76,15.48
208,0.62,23,0.74,17.24,0.8,17.52,0.8,17.68,0.68,21.44,0.58,17.48,0.8,19.12,0.68,18.64,0.66,18.68,0.66,21.56,0.58,21,0.62,19.4,0.8,18.32,0.62,19.32,0.64,16.72
209,0.72,21,0.86,16.44,0.76,19.04,0.8,16.52,0.78,19.72,0.72,16.88,0.6,22,0.7,17.08,0.66,17.08,0.76,21.52,0.7,18.56,0.68,16.92,0.8,16.48,0.7,18.12,0.74,14.48
210,0.64,21.32,0.76,16,0.82,16.68,0.72,19.36,0.82,19.96,0.68,17.88,0.74,18.2,0.82,16.6,0.6,17.2,0.64,23.32,0.56,24.2,0.68,17.52,0.9,18.28,0.56,24.08,0.6,17.68
211,0.74,18.92,0.7,18.2,0.68,18.64,0.84,18.96,0.58,21.68,0.68,13.24,0.6,21.2,0.68,15.68,0.66,17.52,0.66,21,0.74,20.32,0.76,18.04,0.76,18.2,0.56,23.92,0.62,15
212,0.78,18.4,0.74,17.28,0.74,17.84,0.74,18.76,0.64,21.64,0.56,19.36,0.68,20.92,0.74,16.64,0.78,17.48,0.6,22.88,0.72,16.32,0.7,18.08,0.76,15.6,0.48,24.16,0.7,28.24
213,0.66,20.36,0.74,15.48,0.8,16.28,0.78,17.52,0.7,20.8,0.54,18.48,0.66,18.92,0.62,18.76,0.8,16.4,0.64,19.16,0.78,15.44,0.64,15.52,0.84,15.48,0.68,22.12,0.72,17.12
214,0.64,20.8,0.64,18.96,0.64,19.72,0.78,19.52,0.82,23.52,0.64,16.32,0.76,20.24,0.72,17.04,0.82,17.32,0.64,21.48,0.78,18.2,0.68,18.88,0.7,19.88,0.74,17.36,0.7,17.92
215,0.66,19.12,0.82,15.24,0.88,16.48,0.7,20,0.74,18.52,0.68,18.2,0.74,16.72,0.8,17.72,0.62,19.88,0.62,22.28,0.74,16.64,0.64,19.28,0.72,16.88,0.5,25.72,0.72,17.56
216,0.72,19.8,0.8,16.92,0.7,17.48,0.72,20,0.64,19.16,0.54,16.88,0.78,19.84,0.78,16.92,0.86,15.88,0.68,21.28,0.66,17.92,0.94,16.92,0.72,19,0.7,25.12,0.6,19.48
217,0.72,16.72,0.8,16.36,0.7,17.24,0.72,19.96,0.62,21.96,0.66,17.28,0.66,22.48,0.74,19.44,0.72,20.16,0.54,23.12,0.68,17.2,0.74,16.16,0.68,16,0.62,22.16,0.62,19.16
218,0.66,18.96,0.74,17.52,0.66,19.04,0.8,17.8,0.58,18.92,0.64,19.28,0.7,19.88,0.66,20.8,0.66,18.24,0.68,17.88,0.72,19.6,0.76,15.8,0.72,15.84,0.5,26.28,0.58,17.96
219,0.9,16.96,0.84,17.36,0.74,17.44,0.76,19.6,0.52,21.72,0.72,16.12,0.72,18.12,0.82,17.32,0.82,15.8,0.56,22.4,0.66,21.28,0.74,17.56,0.88,15.56,0.54,22.8,0.72,16.4
220,0.76,18.2,0.82,17.44,0.72,19,0.78,18.84,0.5,26.56,0.6,21.28,0.84,18.2,0.64,16.16,0.8,17.96,0.66,20.92,0.58,24.16,0.58,19.4,0.78,18.48,0.66,21.04,0.74,24.76
221,0.64,18.56,0.78,16.48,0.76,18.24,0.7,18.84,0.5,25.64,0.66,21.32,0.74,17.44,0.78,16.36,0.78,15.24,0.62,19.48,0.78,20.08,0.72,16.88,0.76,18.04,0.64,21.56,0.62,18.56
222,0.76,18.68,0.82,14.88,0.6,16,0.78,17.04,0.4,23.68,0.62,16.64,0.8,17.16,0.7,15.4,0.78,16.28,0.68,20.04,0.74,17.32,0.58,20.96,0.72,15.68,0.78,18.64,0.76,22
223,0.82,17.96,0.64,17.48,0.7,17.76,0.84,16.48,0.44,26.68,0.52,18.88,0.62,20.44,0.82,16.76,0.74,18.4,0.48,23.48,0.54,22.44,0.58,15.44,0.8,15.8,0.62,20.56,0.66,29.12
224,0.7,18,0.88,15.48,0.62,19.48,0.8,16.2,0.58,21.24,0.58,18.6,0.68,19.88,0.76,19.44,0.84,16.88,0.76,19,0.68,22.04,0.78,13.96,0.84,15.92,0.6,19.88,0.8,20.2
225,0.78,17.28,0.8,14.84,0.56,19.2,0.62,18.32,0.38,25.88,0.58,18.08,0.82,20.52,0.66,18.6,0.74,16.28,0.62,22.44,0.58,23.44,0.78,16.36,0.72,18.6,0.7,19.16,0.66,18.32
226,0.74,17.64,0.74,16.52,0.44,24.16,0.82,17,0.38,30.64,0.58,17.72,0.7,16.44,0.7,19.2,0.74,15.4,0.7,20,0.54,24.48,0.54,20.48,0.88,17.12,0.68,15.84,0.78,20.28
227,0.86,17.08,0.74,15.72,0.62,20.44,0.7,16.2,0.2,32.32,0.5,22.12,0.78,17.08,0.76,19.48,0.74,19,0.7,22.36,0.54,21.52,0.74,18.32,0.84,18.32,0.68,18.16,0.66,19.84
228,0.62,18.08,0.66,17.2,0.72,18.52,0.76,17.72,0.22,29.96,0.5,16.96,0.8,17.48,0.8,16.56,0.76,17.64,0.78,20.12,0.62,19.12,0.64,19.4,0.64,19.04,0.74,17.84,0.66,24.56
229,0.64,18.12,0.68,16.64,0.52,22.64,0.76,16,0.36,25.8,0.54,16.4,0.68,17.48,0.82,18.36,0.7,19.08,0.72,22.48,0.74,21.16,0.72,17,0.82,15.8,0.72,18.92,0.64,27.84
230,0.7,18.88,0.66,16.12,0.54,19.52,0.86,16.12,0.32,32,0.68,17.48,0.78,20.2,0.4,28.28,0.78,16.96,0.72,19.76,0.64,20.16,0.64,18.4,0.76,19.88,0.64,24.44,0.58,23.88
231,0.3,22.12,0.76,19.56,0.58,21.32,0.84,17.4,0.62,24.56,0.58,19.56,0.76,18.2,0.72,19.92,0.8,19.08,0.6,23.96,0.72,22,0.64,19.92,0.82,17.84,0.68,21.8,0.56,21.68
232,0.52,21.8,0.74,16.64,0.48,24.28,0.84,17.52,0.32,30,0.74,14.16,0.72,20.52,0.68,19.4,0.82,16,0.56,24.2,0.72,22.6,0.66,18.76,0.82,17.32,0.64,21.48,0.46,21.76
233,0.64,19.36,0.78,15.72,0.66,21.04,0.68,16.72,0.46,26.44,0.74,14.84,0.72,20.2,0.74,19,0.78,16.44,0.64,20.52,0.76,21.64,0.7,18.16,0.8,28.6,0.68,21.16,0.28,34.96
234,0.76,18.2,0.84,15.44,0.58,21.56,0.72,19.4,0.16,30.92,0.68,17.88,0.62,19.8,0.84,16.44,0.74,17.08,0.58,20.48,0.62,23.44,0.62,21,0.76,17.56,0.6,25.4,0.44,20.68
235,0.58,18.52,0.78,16,0.52,22,0.7,19.48,0.36,29.32,0.66,16.48,0.76,16.68,0.66,20.96,0.62,18.36,0.46,21.28,0.5,23.56,0.58,20.44,0.74,18.2,0.74,16.96,0.7,16.92
236,0.2,20.84,0.7,16.04,0.76,18.32,0.74,16.32,0.24,28.2,0.62,14.44,0.64,26.84,0.86,14.36,0.74,17.92,0.52,21.04,0.78,20.16,0.64,21.88,0.74,20.32,0.7,19.92,0.6,18.28
237,0.42,20.64,0.7,17.24,0.72,19.56,0.72,18.24,0.26,26.76,0.56,15.96,0.62,25.4,0.64,16.08,0.64,17.64,0.6,22.16,0.7,20.52,0.78,16.44,0.82,26.8,0.68,21.48,0.78,15.24
238,0.7,17.72,0.76,17.96,0.72,16.56,0.74,16.88,0.56,23.24,0.66,15.2,0.62,21.28,0.72,13.68,0.76,16.6,0.72,25.6,0.62,23.16,0.44,25.2,0.8,26.76,0.7,21.2,0.64,21.32
239,0.66,19.24,0.72,17.4,0.8,16.12,0.8,16.6,0.76,22.52,0.58,17.36,0.7,20.16,0.7,21.72,0.68,17.72,0.36,29.84,0.72,19.56,0.7,18.6,0.66,24.28,0.64,20,0.7,21.6
240,0.6,19.64,0.74,16.48,0.8,17.96,0.62,15.96,0.68,23.8,0.82,16,0.62,23.28,0.64,18.76,0.74,19.6,0.64,20.88,0.5,29.68,0.54,16.84,0.54,24.72,0.8,15.16,0.78,19.72
241,0.72,19.08,0.68,19.16,0.8,18.72,0.82,16.88,0.7,21.64,0.54,16.36,0.66,20.96,0.66,21.24,0.82,15.48,0.62,19.52,0.68,24.56,0.8,16.4,0.38,30.76,0.58,22.52,0.74,18.76
242,0.94,17.2,0.76,18.84,0.74,17.84,0.72,15.4,0.8,18.92,0.54,13.4,0.76,19.68,0.64,20.6,0.8,15.64,0.72,20.72,0.6,32.44,0.66,19.52,0.62,17.84,0.62,23.56,0.72,16.96
243,0.82,17.4,0.66,17.16,0.82,19.52,0.74,14.36,0.72,18.6,0.58,15.76,0.74,22.36,0.7,24.88,0.82,16.84,0.66,24.44,0.62,27.36,0.7,17.36,0.64,18.04,0.52,24.96,0.74,19.32
244,0.8,19.64,0.74,16.08,0.66,18.8,0.74,15.16,0.54,24.32,0.54,16.28,0.74,24.52,0.5,24.8,0.7,16.56,0.64,23.6,0.52,25.64,0.72,18.76,0.62,17.52,0.54,23.2,0.82,17.36
245,0.78,19.24,0.84,17.44,0.72,17.72,0.62,17.24,0.6,22.2,0.44,19.56,0.76,18.24,0.62,21.12,0.72,16.28,0.68,21.04,0.64,26.12,0.62,18.84,0.84,15.2,0.62,22.36,0.64,21.64
246,0.8,18.68,0.8,17.36,0.82,18.32,0.72,16.4,0.58,21.56,0.5,21.48,0.72,21.76,0.58,22.8,0.7,17.72,0.6,21.28,0.74,23.48,0.58,17.36,0.86,18.28,0.54,26.32,0.68,19.24
247,0.8,19.2,0.62,20.72,0.72,18.68,0.72,17.08,0.68,21.24,0.48,20.44,0.7,17.44,0.62,22.2,0.76,14.96,0.7,21.72,0.66,24.64,0.74,18.72,0.8,20.4,0.56,25,0.74,18.24
248,0.64,19.4,0.78,15.4,0.7,16,0.68,15.92,0.64,19,0.72,18.08,0.8,16.24,0.54,23.76,0.76,17.04,0.66,20.92,0.46,28.44,0.64,18,0.74,16.36,0.66,20.64,0.8,16.92
249,0.68,19.4,0.6,18,0.7,17.8,0.8,15.92,0.84,18.16,0.54,17.96,0.64,20.2,0.54,25.64,0.86,14.84,0.64,21.08,0.64,21.52,0.72,16.28,0.92,16.48,0.7,23.04,0.6,19.68
250,0.7,17.6,0.66,17.24,0.8,16.64,0.78,15,0.68,20.56,0.5,14.52,0.78,16.92,0.72,19.16,0.8,15.08,0.62,20.2,0.6,22.56,0.74,20.04,0.76,15.76,0.64,19.56,0.76,19.56
251,0.66,19.12,0.82,15.56,0.74,18.24,0.82,15,0.76,19.4,0.5,17.36,0.74,17.6,0.5,25.68,0.76,17.36,0.66,27.24,0.6,23.56,0.74,16.84,0.84,16.6,0.8,16.32,0.66,21.96
252,0.8,18.16,0.74,17.64,0.82,17.44,0.8,15.76,0.7,20.76,0.4,22.8,0.58,19.76,0.82,20.08,0.6,17.52,0.7,18.8,0.54,25.52,0.58,16.12,0.76,16.48,0.64,25.48,0.58,22.52
253,0.72,19.72,0.54,19,0.82,16.32,0.62,16.12,0.82,19,0.46,15.72,0.68,18.76,0.64,19.68,0.76,15,0.68,19.8,0.82,15.68,0.74,18.32,0.74,16.72,0.58,21.56,0.7,19.96
254,0.78,19.92,0.64,18.52,0.84,15.4,0.68,17.32,0.84,17.76,0.24,24.12,0.74,17.6,0.82,17.48,0.58,18.04,0.6,19.12,0.7,17.36,0.76,17.56,0.9,16.24,0.72,18.24,0.8,18.92
255,0.8,19.56,0.58,22.92,0.8,17.28,0.82,14.68,0.74,16.2,0.4,22.4,0.68,18.32,0.78,15.36,0.7,16.88,0.56,25.6,0.76,17.4,0.54,20.88,0.76,19.68,0.8,18.04,0.66,17.76
256,0.82,17.84,0.58,22.96,0.82,15.56,0.78,15.72,0.7,19.24,0.34,20.76,0.54,20.36,0.66,19.12,0.76,18.88,0.8,17.24,0.84,16.44,0.7,18.36,0.78,16.4,0.74,18.52,0.7,25.56
257,0.82,19.08,0.68,20.2,0.68,16.32,0.86,15.36,0.82,19.32,0.48,17.36,0.68,18.32,0.62,15.36,0.68,17.04,0.7,21.24,0.8,16.32,0.74,18.04,0.74,20.68,0.62,20.24,0.68,20.92
258,0.62,22.52,0.46,23.48,0.76,16.84,0.68,16.56,0.84,22.64,0.46,21.12,0.64,21.96,0.7,16.16,0.72,15.92,0.74,20.4,0.72,17.44,0.78,15.56,0.76,16.64,0.68,19.2,0.68,18.12
259,0.76,19.92,0.5,19.6,0.58,19.24,0.66,15.2,0.82,17.56,0.74,16.6,0.54,19.64,0.66,18.96,0.6,17.28,0.66,22.48,0.76,18.76,0.7,14.76,0.7,17.04,0.6,20.4,0.6,21.12
260,0.8,18.56,0.48,24.08,0.78,16.68,0.58,19,0.8,16.76,0.6,18.04,0.52,24.96,0.78,19.72,0.84,14.96,0.74,18.76,0.76,19.16,0.58,16.88,0.66,20.64,0.64,17.24,0.78,19.28
261,0.7,23.56,0.68,18.32,0.84,16.04,0.76,15.8,0.84,16.96,0.48,20.36,0.64,22.12,0.66,20.16,0.62,16.24,0.68,22.2,0.64,25,0.6,20.4,0.66,16.76,0.78,17.8,0.68,22.24
262,0.74,20.44,0.68,18.44,0.82,16.4,0.72,14.28,0.74,18.32,0.64,17.68,0.62,20.68,0.8,16.36,0.82,15,0.72,26.48,0.7,22.8,0.66,15.28,0.74,15.92,0.76,18.2,0.76,20.32
263,0.62,23.88,0.62,20.32,0.78,17.36,0.78,15.24,0.62,20.64,0.48,19.28,0.72,17.12,0.7,18.04,0.84,17.08,0.66,22,0.66,23.68,0.78,15.28,0.8,19.16,0.78,19.84,0.68,26.48
264,0.62,23.56,0.68,21.32,0.72,17.64,0.78,13.44,0.74,18.36,0.48,23.52,0.7,22.84,0.8,17.4,0.84,17.36,0.52,27.92,0.72,23.52,0.8,15.84,0.7,18.4,0.7,18.44,0.64,19.76
265,0.7,21.72,0.64,18.68,0.74,15.44,0.7,14.72,0.6,21.96,0.66,18.72,0.66,19.72,0.74,16.16,0.74,17.6,0.26,28.84,0.68,18.84,0.74,18.6,0.84,14.72,0.68,20.2,0.66,20.08
266,0.72,19.16,0.76,17.08,0.84,16.32,0.66,15.48,0.76,18.56,0.62,18.04,0.76,18.48,0.76,21.08,0.68,20,0.4,26.2,0.62,22,0.74,17.2,0.84,15.04,0.7,19.24,0.72,18.52
267,0.62,21.08,0.56,21.24,0.68,18.52,0.64,16.2,0.78,16.72,0.58,19.28,0.7,19.24,0.6,17.92,0.62,19.72,0.4,26.6,0.52,26.44,0.76,18.92,0.74,14.56,0.7,19.16,0.66,20.04
268,0.7,23.76,0.84,15.6,0.7,17.76,0.68,15.48,0.62,21.08,0.66,18,0.78,17.68,0.78,14.92,0.74,15.12,0.68,18.04,0.54,23.88,0.56,20.16,0.76,15.8,0.56,17.64,0.7,18.92
269,0.84,20.76,0.78,17.96,0.66,16.16,0.76,14.96,0.66,20.76,0.44,23.24,0.74,20.56,0.78,15.08,0.78,17.64,0.6,28.92,0.44,25.92,0.68,19.84,0.78,17.24,0.74,17.16,0.64,20.12
270,0.66,24.52,0.8,14.32,0.86,15.88,0.76,15.44,0.76,18.96,0.38,25.32,0.72,18.76,0.86,15.24,0.42,30.84,0.6,20.56,0.5,26.32,0.64,18.8,0.84,16.08,0.68,19.32,0.72,21.16
271,0.7,21.56,0.66,15.48,0.7,18.32,0.86,13.92,0.8,16.24,0.62,21.24,0.66,19.96,0.76,15.76,0.74,18.6,0.66,19.72,0.38,29.12,0.7,17.88,0.78,19.52,0.56,18.32,0.82,17.24
272,0.72,21.84,0.62,18.4,0.72,16.4,0.82,13.44,0.6,25.72,0.46,23.6,0.64,18,0.72,13.12,0.78,16.92,0.82,16.96,0.48,26.2,0.62,19.28,0.7,19.6,0.72,17.08,0.76,19.92
273,0.8,19.48,0.72,19.08,0.74,16.64,0.66,16.16,0.72,17.28,0.68,20.04,0.64,20.04,0.62,15.32,0.82,17.36,0.78,17.88,0.68,16.68,0.6,22.44,0.7,17.2,0.76,18.16,0.66,20.56
274,0.62,22.76,0.66,18.8,0.68,16.56,0.78,13.36,0.58,21,0.66,19.52,0.64,20.12,0.74,14.76,0.64,20.52,0.7,19.72,0.72,19.44,0.68,15.92,0.74,18.64,0.64,20.04,0.9,19.04
275,0.78,20.96,0.64,18.32,0.76,15.76,0.86,14.24,0.7,16.76,0.68,15.76,0.74,18.8,0.64,15.92,0.64,18.24,0.76,18.36,0.72,20.72,0.72,19.8,0.72,21.6,0.76,16.88,0.72,20.4
276,0.74,22.92,0.68,17.64,0.76,17.08,0.74,13.52,0.76,22.92,0.72,16.76,0.64,20.2,0.74,12.88,0.72,18.8,0.76,17.84,0.62,19.64,0.76,17.56,0.74,22.68,0.72,17.84,0.9,17.72
277,0.64,23.24,0.62,16.24,0.8,17.12,0.78,17.64,0.64,20.76,0.78,18.96,0.78,19,0.66,15.12,0.76,18.12,0.66,17.28,0.74,19.2,0.68,19.4,0.68,17.92,0.72,20.44,0.8,17.32
278,0.72,21.68,0.64,19,0.64,17.24,0.92,13.88,0.72,20.4,0.64,18.36,0.56,20.36,0.72,15.44,0.6,19.44,0.74,18.04,0.76,18.36,0.64,20,0.8,20.2,0.62,20.12,0.82,16.12
279,0.74,21.04,0.62,16,0.86,15.48,0.82,14.56,0.54,21.6,0.72,17.88,0.54,19.16,0.78,12.12,0.88,16.56,0.8,16.88,0.78,19.2,0.6,22.44,0.7,22.44,0.64,20.04,0.7,16.24
280,0.72,22.28,0.84,13.68,0.78,16.84,0.66,15.44,0.62,21.32,0.74,16.08,0.68,17.72,0.76,14.24,0.66,18.36,0.86,17.12,0.58,22.4,0.74,16.04,0.78,19.2,0.7,18.84,0.74,16
281,0.88,17.48,0.74,14.88,0.64,17.56,0.76,15.68,0.76,22.88,0.56,17.24,0.74,17.76,0.76,14.64,0.82,16.88,0.78,16.56,0.76,19.12,0.76,16.92,0.84,17.92,0.64,19.8,0.86,19.4
282,0.64,22.6,0.72,15.32,0.84,16.24,0.74,14.88,0.72,16.68,0.76,13.44,0.66,17.48,0.76,15.72,0.8,17.84,0.78,17.84,0.8,18.04,0.78,13.68,0.8,18.28,0.7,18.56,0.74,20.8
283,0.88,18.88,0.68,14.88,0.88,16.92,0.58,17.92,0.7,19.36,0.58,18.8,0.7,18.44,0.84,21.64,0.74,20.84,0.84,18.12,0.68,16.12,0.68,17.36,0.76,15.56,0.58,20.08,0.66,21.88
284,0.76,20.28,0.76,15.6,0.84,15.24,0.74,16.08,0.76,18.84,0.54,16.84,0.68,18.08,0.72,22,0.72,17.04,0.64,22.12,0.7,19.04,0.7,16.52,0.82,17.2,0.66,22.52,0.66,20.68
285,0.7,23.08,0.72,16.6,0.84,16.52,0.7,18.76,0.62,20.32,0.64,18,0.76,17.4,0.7,18.32,0.72,17.52,0.66,20.24,0.78,19.88,0.68,17.2,0.78,16.52,0.64,17.04,0.74,21.32
286,0.76,20.64,0.66,14.24,0.66,18.68,0.82,13.6,0.7,16.56,0.74,19.6,0.8,18.2,0.66,21.04,0.74,19.12,0.62,21.64,0.82,17.04,0.58,23.56,0.78,14.72,0.78,20.68,0.7,18.88
287,0.72,21.88,0.72,15.8,0.76,16.96,0.66,16.48,0.78,23.36,0.7,14.8,0.7,17.72,0.6,19.84,0.74,16.64,0.78,20.32,0.78,17.32,0.58,20.08,0.78,14.64,0.64,19.76,0.74,17.68
288,0.74,21.6,0.68,14.48,0.78,15.56,0.58,20,0.74,17.36,0.74,15.72,0.72,19.56,0.78,18.2,0.66,26.64,0.76,22.32,0.84,18.64,0.68,20.64,0.72,16.24,0.56,21.64,0.78,20.6
289,0.7,20.24,0.74,14.12,0.76,15.04,0.68,17.96,0.56,19.92,0.64,19.6,0.74,18.84,0.72,15.56,0.62,17.36,0.54,20.56,0.72,19.48,0.64,19.64,0.8,15.2,0.6,21.28,0.72,17.04
290,0.72,19.08,0.84,12.76,0.68,17.04,0.74,16.8,0.74,16.4,0.7,16.2,0.58,24.04,0.8,15.92,0.72,18.64,0.68,21.2,0.82,16.52,0.78,17.4,0.78,16.64,0.72,19.36,0.64,18.6
291,0.72,20.12,0.62,20.2,0.66,16.84,0.64,17.8,0.66,18.88,0.76,17.28,0.58,22.68,0.8,13,0.4,24.24,0.72,21.44,0.8,15.84,0.68,20.08,0.76,17.04,0.56,20.8,0.7,27.24
292,0.82,20.52,0.76,14.24,0.8,17.4,0.72,16.16,0.72,19.08,0.54,18.64,0.7,20.76,0.56,17.88,0.82,18.2,0.44,25.56,0.88,18.24,0.74,18.96,0.78,15.44,0.6,21.08,0.76,21.08
293,0.82,19.2,0.78,14.16,0.84,17.32,0.68,17.68,0.68,19.68,0.64,17.12,0.6,24,0.74,14.92,0.76,16.76,0.44,22.16,0.8,17.12,0.74,17.44,0.78,16.8,0.64,23.12,0.64,20.36
294,0.72,21.88,0.66,20.24,0.78,15.48,0.82,13.24,0.7,17.48,0.7,16.16,0.66,21.48,0.74,13.44,0.78,15.88,0.74,21,0.76,17.68,0.58,18.72,0.66,18.04,0.78,18.04,0.66,18.36
295,0.78,17.76,0.78,14.12,0.8,16.4,0.72,16.4,0.74,17.92,0.7,17.8,0.8,18.96,0.56,15,0.7,17.64,0.86,16.6,0.8,15.48,0.62,18.48,0.74,19.44,0.66,21.16,0.78,18.52
296,0.86,19.08,0.66,16.72,0.66,15.6,0.66,15.04,0.66,16,0.7,18.92,0.74,21.16,0.78,15.24,0.72,19.44,0.76,17.96,0.76,18.68,0.58,18.96,0.86,16.2,0.48,24.64,0.62,20.12
297,0.78,20,0.76,16.08,0.76,16.6,0.82,13.08,0.8,15.88,0.78,16.36,0.74,17.96,0.72,17.28,0.82,22.4,0.84,17.44,0.78,18.88,0.88,17.52,0.72,15.84,0.62,19.84,0.72,22.08
298,0.66,20.84,0.62,15.64,0.82,16.6,0.64,17.24,0.64,17.44,0.7,16.96,0.7,19.28,0.74,14.36,0.72,19.44,0.68,23.36,0.78,22.48,0.58,19.6,0.72,18.2,0.62,21.44,0.7,21.8
299,0.76,19.8,0.68,15.32,0.74,16.96,0.52,15.12,0.68,16.76,0.64,19,0.76,18.16,0.78,13.32,0.62,16.56,0.7,20.36,0.78,19.24,0.66,17.88,0.72,16.16,0.86,15.84,0.84,20.72
300,0.88,18.32,0.78,14.36,0.84,15.88,0.72,15.24,0.7,21.04,0.58,18.64,0.64,18,0.68,15.52,0.72,16.2,0.66,18.08,0.68,22.36,0.6,17.64,0.84,16.36,0.7,19.08,0.68,21.08
301,0.64,21.76,0.7,15.28,0.76,17.68,0.68,15.6,0.76,17.28,0.62,17.56,0.76,17.16,0.82,13.92,0.68,22.8,0.74,21.64,0.8,22.04,0.74,16.44,0.76,17.36,0.58,21.68,0.82,17.56
302,0.84,19.16,0.66,17.56,0.66,16.2,0.72,16.36,0.64,18.84,0.6,17.36,0.74,17.72,0.7,17.52,0.66,18.52,0.74,23.2,0.88,17.64,0.74,16.4,0.76,17.08,0.74,17.92,0.76,16.68
303,0.7,20.88,0.8,17.6,0.82,16.4,0.56,16.4,0.6,18.48,0.66,19.44,0.74,19.36,0.66,17.2,0.74,18.16,0.68,20.8,0.68,22.64,0.78,17.36,0.84,16.36,0.74,19.96,0.6,19.2
304,0.74,20.8,0.78,14.68,0.74,17.44,0.7,19.56,0.7,21.32,0.52,18.88,0.76,15.92,0.82,15.68,0.7,18.08,0.82,21.08,0.72,23.88,0.56,19.24,0.78,18.52,0.74,22.84,0.8,18.68
305,0.64,21.28,0.76,15.36,0.64,15.72,0.7,16.76,0.78,17.56,0.68,18.48,0.84,21.04,0.74,13.4,0.8,16.92,0.66,22.96,0.7,18.4,0.84,15.2,0.82,14.32,0.74,21.68,0.68,19.24
306,0.78,19.92,0.74,16.36,0.72,16.08,0.76,16.52,0.66,19.52,0.74,16.4,0.68,16.96,0.76,15.2,0.76,14.72,0.7,19.72,0.62,22.44,0.7,15.56,0.76,16.52,0.6,22.64,0.7,18.48
307,0.7,20.44,0.68,16.68,0.64,19.16,0.52,17.88,0.5,23.28,0.74,18.76,0.66,18.12,0.64,17.04,0.72,15.4,0.68,20.44,0.74,23.84,0.76,15.16,0.9,15.12,0.56,21.08,0.58,22.92
308,0.74,19.56,0.62,18.16,0.68,21.4,0.72,17.08,0.62,21.48,0.76,18.56,0.72,17.96,0.62,20,0.8,22.76,0.7,17.88,0.72,22.32,0.76,17.48,0.94,13.84,0.54,22.24,0.58,19.84
309,0.74,19.44,0.68,16.76,0.54,19.4,0.58,18.76,0.32,27.44,0.7,19.88,0.76,19.2,0.78,16.2,0.66,16.96,0.64,23.32,0.62,25.36,0.66,18.16,0.8,15.6,0.7,21.32,0.76,18.36
310,0.66,22.2,0.84,14.36,0.56,20.36,0.54,21.08,0.52,19.48,0.74,18.56,0.74,20.4,0.74,14,0.72,19.32,0.58,23.24,0.6,24.84,0.62,19.72,0.72,15.28,0.64,19.84,0.84,14.36
311,0.64,23.4,0.72,13.04,0.74,18.2,0.78,17.16,0.7,20.92,0.74,17,0.7,20.28,0.6,16,0.74,16.64,0.56,26,0.74,23.56,0.78,15.56,0.84,15.32,0.62,20.68,0.72,16.04
312,0.56,22.96,0.82,13.36,0.6,20.12,0.72,15.84,0.6,19.84,0.56,20.12,0.7,19.16,0.64,18.36,0.78,16.8,0.6,22.76,0.72,25.8,0.74,17.24,0.84,16.92,0.66,17.48,0.66,21.76
313,0.66,19.44,0.76,13.2,0.5,21.52,0.6,16.92,0.46,20.12,0.74,18.64,0.64,20.68,0.72,16.08,0.76,17.72,0.6,24.36,0.48,26.28,0.76,17.72,0.78,15.6,0.58,22.56,0.7,18.2
314,0.64,20.88,0.82,13.36,0.56,22.04,0.6,15.92,0.56,21.08,0.52,20.72,0.52,27.96,0.72,14.72,0.76,19.08,0.6,30.72,0.56,25.24,0.64,16.52,0.78,15.36,0.74,17.52,0.7,19.2
315,0.68,19.08,0.8,15.48,0.68,17.6,0.66,17.2,0.52,22,0.7,18.36,0.5,26.48,0.68,15.64,0.68,18.24,0.64,21.2,0.66,25.88,0.64,18.04,0.66,17,0.74,19.32,0.72,19.64
316,0.76,19.6,0.7,15.24,0.7,17.24,0.68,18.88,0.5,20.36,0.44,20.16,0.68,24.44,0.68,14.64,0.7,17.28,0.6,27.4,0.72,24.12,0.64,17.16,0.68,17.84,0.76,19.56,0.7,19.52
317,0.78,20.48,0.76,15.72,0.8,18.24,0.66,16.32,0.72,17.56,0.58,17.68,0.6,21.68,0.76,15.2,0.7,18.28,0.56,24.36,0.74,20.96,0.6,22.8,0.74,21.56,0.7,17.08,0.7,20
318,0.76,19.68,0.76,16,0.78,17,0.64,16.32,0.44,24.32,0.56,21.48,0.68,23.68,0.74,14.92,0.82,17.12,0.7,22.52,0.66,19.72,0.58,17.6,0.58,20.64,0.7,18.56,0.64,19.32
319,0.58,21.84,0.82,15.76,0.68,21.64,0.74,14.2,0.56,18,0.58,17.56,0.7,20.68,0.84,14.2,0.8,17.76,0.64,17.68,0.68,22.24,0.64,20.04,0.68,24.52,0.6,24.2,0.64,19.44
320,0.84,17.28,0.8,14.04,0.68,21.08,0.78,14.76,0.36,23.16,0.6,19.36,0.66,16.64,0.72,17,0.72,16.04,0.66,21,0.76,18.64,0.68,19.24,0.62,23.2,0.68,18.32,0.54,19.04
321,0.62,21.8,0.8,14.88,0.6,19.92,0.5,20.68,0.36,20.44,0.72,17.2,0.66,19.32,0.7,14.36,0.74,20.68,0.68,21.88,0.78,20.08,0.66,19.44,0.5,26.8,0.6,19.28,0.68,20.04
322,0.66,21.28,0.62,16.96,0.56,19.96,0.7,14.76,0.64,18.32,0.72,17.12,0.7,19.24,0.74,16.4,0.78,17.6,0.48,25.56,0.72,17.36,0.66,20.48,0.82,18.56,0.72,17.84,0.64,18.44
323,0.56,21.56,0.74,15.48,0.78,16.84,0.74,15.76,0.6,24.88,0.74,16.2,0.74,17.04,0.68,14.6,0.78,17.92,0.58,23.4,0.84,16.88,0.66,15.88,0.78,21.72,0.7,17.68,0.72,17.28
324,0.64,21.16,0.8,13.24,0.66,20.8,0.64,18.32,0.6,23.16,0.52,19.08,0.68,21.16,0.62,14.96,0.74,19.08,0.72,19.44,0.88,17.84,0.7,15.2,0.82,16.56,0.6,18.44,0.7,19.76
325,0.76,19.68,0.66,18.64,0.62,21.2,0.58,17.28,0.44,23.8,0.72,16.92,0.76,16.4,0.62,13.92,0.86,17.4,0.76,20.88,0.74,19,0.78,16.56,0.68,16.84,0.62,22.96,0.66,19.36
326,0.7,22.68,0.56,18.4,0.74,16.96,0.6,19.36,0.48,25.48,0.6,18.08,0.64,17.44,0.66,19.84,0.72,17.08,0.76,20.2,0.74,18.28,0.6,21.92,0.84,18.04,0.6,21.48,0.68,19.36
327,0.7,18.72,0.76,15.96,0.82,19.2,0.72,14.2,0.58,23.72,0.68,17.4,0.62,22.72,0.62,17.68,0.54,19.52,0.64,21.68,0.78,20.44,0.82,14.84,0.74,14.36,0.7,20.28,0.76,18.36
328,0.52,22.48,0.8,14.8,0.66,18.6,0.58,15.84,0.48,23.92,0.7,18.32,0.66,17.16,0.7,18.76,0.6,21.24,0.76,20.12,0.66,19.04,0.72,17.32,0.7,15.12,0.58,24.64,0.72,19.2
329,0.72,22.24,0.58,16.4,0.7,19.88,0.6,19.44,0.58,26.08,0.62,21.2,0.68,21.52,0.66,18.2,0.6,25,0.76,18.04,0.7,18.64,0.64,19.6,0.74,16.08,0.74,18.48,0.86,18.68
330,0.76,21.8,0.78,14.92,0.78,15.96,0.66,13.88,0.58,24.04,0.62,24.04,0.58,23.32,0.48,23.2,0.56,23.44,0.7,20.28,0.82,21.28,0.7,21.08,0.66,14.92,0.72,20.48,0.72,20.04
331,0.76,18.72,0.74,16.92,0.7,20.68,0.72,15.96,0.62,21.08,0.62,22.04,0.78,21.2,0.76,18.76,0.7,21.16,0.64,20.32,0.68,18.6,0.64,20.96,0.68,16.64,0.72,17.08,0.74,21.2
332,0.78,19.08,0.7,17.4,0.64,19.96,0.76,16.48,0.82,17.92,0.38,20.88,0.7,20.08,0.64,16.88,0.6,19.6,0.72,19.4,0.66,21.68,0.68,19.72,0.82,14.32,0.74,16.88,0.68,21.68
333,0.62,19.44,0.76,17.24,0.78,16.32,0.62,17.56,0.56,21.24,0.62,17.2,0.64,20.8,0.6,21.92,0.74,17.2,0.78,27.52,0.5,24.92,0.68,17.76,0.78,15.56,0.62,19.4,0.72,20.92
334,0.74,19.64,0.7,15.36,0.82,18.44,0.58,15.64,0.48,25.6,0.6,19.08,0.66,17.64,0.66,21.08,0.74,17.88,0.68,19.28,0.78,19.24,0.66,23.92,0.78,15.48,0.68,18.08,0.64,21.96
335,0.66,18.44,0.82,14.8,0.7,18.28,0.66,16.04,0.68,18.4,0.68,14.84,0.58,17.84,0.76,16.36,0.64,19.24,0.72,19.28,0.8,22.84,0.68,18.88,0.56,17.84,0.76,17.52,0.66,20.28
336,0.86,18.52,0.64,18.28,0.88,17,0.68,15.72,0.68,20.76,0.56,19.04,0.74,20.76,0.82,14.36,0.7,17.88,0.68,19.6,0.8,17.08,0.48,20.6,0.62,16.16,0.68,17.84,0.8,20.08
337,0.66,19.04,0.78,14.32,0.82,17.36,0.68,13.8,0.7,18.24,0.6,18.32,0.78,18.44,0.82,14.04,0.82,16.16,0.74,19.12,0.58,24.68,0.7,18.12,0.84,15.88,0.78,15.96,0.84,18
338,0.66,23.96,0.84,14.24,0.68,17.16,0.6,21.52,0.72,19.68,0.6,21.04,0.8,20.16,0.78,14,0.74,18.32,0.74,17.12,0.62,21.52,0.62,19.48,0.76,15.44,0.58,17.76,0.7,21.4
339,0.72,20.16,0.72,16,0.76,17.96,0.66,18.44,0.74,18.72,0.6,19.32,0.68,20.04,0.78,13.2,0.72,19.16,0.76,17.88,0.58,23.68,0.74,17.44,0.72,15.36,0.7,18.16,0.8,15.84
340,0.66,19.6,0.74,17.04,0.68,19.48,0.64,19.2,0.84,17.68,0.58,21.4,0.54,19.04,0.8,12.64,0.68,19.16,0.82,18.52,0.68,19.32,0.78,20.8,0.72,16.64,0.54,19.2,0.78,17.48
341,0.72,20.84,0.54,19.56,0.74,19.2,0.6,19.6,0.84,18.48,0.66,18.76,0.74,18.72,0.58,16.96,0.74,18.24,0.7,18.24,0.78,21.28,0.64,21.8,0.74,15.72,0.66,19.16,0.6,24
342,0.78,21.72,0.7,16.6,0.7,20,0.72,19,0.72,21.72,0.58,19.28,0.7,19.52,0.76,12.88,0.84,17.92,0.72,17.72,0.56,23.08,0.72,19.04,0.74,13.92,0.62,23.08,0.6,22.04
343,0.76,20.4,0.74,17.64,0.72,17.96,0.62,18.52,0.66,19.92,0.62,19.36,0.8,16.24,0.7,14.28,0.82,15.32,0.72,18.12,0.68,23.88,0.56,25.6,0.72,15.92,0.74,20.48,0.54,23.56
344,0.78,19.56,0.78,15.28,0.62,18.68,0.6,20.2,0.72,20.56,0.7,16.4,0.76,18.44,0.72,13.88,0.6,18.56,0.66,18.52,0.76,20.2,0.56,18.4,0.68,15.96,0.82,17.32,0.76,19.08
345,0.68,21.12,0.76,15.32,0.62,23.24,0.68,17.32,0.58,19.72,0.64,19.16,0.72,23.32,0.64,17.48,0.76,18.04,0.76,20.84,0.84,19.16,0.62,16.44,0.82,14,0.78,18.52,0.66,19
346,0.62,24.68,0.74,17.56,0.72,18.16,0.7,15.68,0.56,22.72,0.72,19.76,0.72,18.92,0.7,12.92,0.78,17.2,0.7,19.84,0.72,23.2,0.56,20.32,0.64,15.04,0.8,19.2,0.68,16.84
347,0.68,22.12,0.7,19.16,0.7,20.16,0.66,20.72,0.7,20.92,0.76,16.64,0.72,18.92,0.76,16.04,0.74,16.88,0.72,22.88,0.7,19.2,0.76,14.8,0.78,15.68,0.7,18.44,0.66,17.92
348,0.56,26.4,0.62,17.84,0.78,19.84,0.84,14.56,0.68,20.36,0.66,17.44,0.78,17.88,0.62,15.24,0.72,16.44,0.7,21.04,0.78,19.92,0.64,21.44,0.78,16.64,0.72,17.96,0.8,17.12
349,0.48,25.68,0.56,18.88,0.64,23.04,0.56,19.16,0.74,20.04,0.64,18.44,0.66,21.88,0.8,13.88,0.74,16.76,0.72,20.28,0.8,20.12,0.68,17.56,0.78,16.36,0.72,18.44,0.8,21.76
350,0.48,25.28,0.54,17.68,0.74,18.28,0.62,15.04,0.68,18.72,0.64,16.48,0.8,18.24,0.7,14.08,0.68,18.36,0.72,21.32,0.8,19.68,0.58,19.48,0.78,15.6,0.78,18.96,0.76,17.56
351,0.78,21.64,0.62,19.56,0.76,19.32,0.68,17.88,0.52,23.76,0.56,20.52,0.66,20,0.76,13.36,0.76,16.92,0.7,18.32,0.82,16.12,0.68,17.04,0.74,16.12,0.66,19,0.78,21.6
352,0.66,22.68,0.68,19.48,0.74,19.76,0.58,15.64,0.54,24,0.62,19.24,0.76,18.4,0.76,13.32,0.78,18.44,0.82,17.92,0.74,17.96,0.7,19,0.7,15.28,0.76,19.12,0.84,16.4
353,0.6,20.48,0.72,19.92,0.72,19.32,0.58,17.84,0.54,21.68,0.78,17.92,0.62,21.04,0.82,13.4,0.7,19.72,0.72,16.88,0.68,20.88,0.62,20.04,0.68,18.16,0.7,21.04,0.64,20.6
354,0.62,21.36,0.74,16.64,0.82,18.04,0.72,17.76,0.68,20.92,0.7,18.08,0.6,18.8,0.58,17,0.84,17.28,0.6,22.84,0.8,16.8,0.68,18.72,0.74,14.44,0.64,17.04,0.78,21.6
355,0.8,18.48,0.64,19.96,0.88,16.32,0.66,18.88,0.58,21.96,0.66,16.6,0.72,19.04,0.84,17.32,0.74,18.76,0.72,20.08,0.78,18.08,0.56,21.2,0.82,16.12,0.72,19.88,0.84,18.68
356,0.44,24.92,0.56,21.32,0.64,20,0.78,15.44,0.68,18.12,0.84,15.2,0.66,17.08,0.74,17.2,0.74,18,0.66,22.68,0.82,18.92,0.54,23,0.6,18.72,0.68,20.44,0.7,21.76
357,0.36,29.56,0.72,18.84,0.86,19.4,0.54,19.68,0.54,24,0.54,21.16,0.8,18.72,0.78,17.72,0.76,17.92,0.7,19.84,0.76,16.56,0.7,18.64,0.76,14.84,0.58,23.2,0.72,21.68
358,0.64,24.04,0.68,18.76,0.72,19.44,0.78,16.64,0.72,19.28,0.62,20.4,0.6,21.16,0.84,18.8,0.72,21.04,0.64,20,0.7,23.52,0.62,19.92,0.78,19,0.7,18.04,0.68,18.56
359,0.38,23.92,0.62,19.56,0.66,21.72,0.64,16.64,0.72,18.28,0.58,19.4,0.4,20.48,0.6,21.88,0.74,15.88,0.62,21.96,0.66,21.04,0.64,18,0.8,15.52,0.64,19.84,0.7,17.44
360,0.64,22.6,0.72,19.24,0.66,17.08,0.7,15.84,0.58,20.32,0.46,22.6,0.56,23.6,0.68,22.6,0.76,17.44,0.68,20.56,0.7,21.04,0.66,18.12,0.78,16.68,0.66,18.56,0.7,20.8
361,0.82,19.68,0.74,17.76,0.76,19.44,0.72,17.76,0.64,19.04,0.74,17.96,0.76,18.32,0.68,28.16,0.74,18.8,0.54,26.24,0.66,18.48,0.7,19.52,0.64,17.52,0.64,19.04,0.66,23.48
362,0.64,20.44,0.68,17.2,0.74,17,0.86,16.24,0.76,17.52,0.7,18.72,0.74,18.16,0.82,16.68,0.74,17.64,0.74,19.84,0.72,22.68,0.64,17.96,0.78,15.36,0.68,19.28,0.84,19.76
363,0.68,20.24,0.74,15.92,0.68,21.2,0.78,15.24,0.64,18.96,0.66,18.24,0.72,20.6,0.44,21.68,0.74,17.8,0.72,19.64,0.54,19.36,0.68,18.48,0.78,16.52,0.7,18.44,0.68,21.84
364,0.54,22.4,0.76,15.48,0.8,18.08,0.76,16.04,0.7,18.88,0.56,18.88,0.66,22.96,0.76,17.16,0.66,17.92,0.84,17.6,0.68,25.44,0.58,21.56,0.74,22.92,0.66,20.24,0.72,21.52
365,0.72,20.28,0.72,16.36,0.78,19.76,0.7,18.88,0.6,25.04,0.78,17.96,0.8,20.4,0.6,20.84,0.66,18.84,0.72,20.04,0.88,18.52,0.54,20.8,0.74,21.2,0.64,18.24,0.72,22.32
366,0.66,21.2,0.66,17.6,0.82,17,0.82,14.44,0.7,19.56,0.74,20.8,0.7,20.24,0.72,14.92,0.76,18,0.7,19.96,0.78,17.6,0.7,16.96,0.62,23.56,0.58,20.4,0.78,20.8
367,0.66,20.48,0.82,16.36,0.6,20.44,0.78,16.64,0.74,21.44,0.64,21,0.72,20.24,0.8,15.6,0.76,16.92,0.64,23.36,0.7,20.8,0.72,17,0.7,22.96,0.68,18.68,0.82,21.36
368,0.66,20.8,0.8,15.52,0.88,19.04,0.72,16.56,0.8,17.36,0.66,20.48,0.72,22.72,0.66,13.36,0.7,21.24,0.66,20.2,0.62,20.84,0.62,18.44,0.6,25.92,0.78,16.88,0.7,21.96
369,0.56,20.56,0.78,14.84,0.76,18.4,0.64,16.6,0.82,16.6,0.66,19.28,0.58,23.44,0.78,16.2,0.82,16.92,0.84,20.88,0.66,17.64,0.68,17.16,0.58,25.96,0.7,18.52,0.64,21.2
370,0.64,21.56,0.78,14.84,0.42,22.84,0.66,16.8,0.76,17,0.62,23.72,0.78,21.08,0.6,19.4,0.78,15.08,0.74,22.4,0.76,20.48,0.72,19.88,0.42,28.04,0.76,19.44,0.74,15.4
371,0.66,20.76,0.66,19.68,0.82,19.32,0.72,17.8,0.68,18.12,0.66,19.64,0.64,22,0.7,16.6,0.6,19.92,0.74,18.52,0.66,20.24,0.68,18.72,0.72,21.56,0.7,19.56,0.64,22.48
372,0.76,18.92,0.66,16.76,0.66,21.44,0.66,17.36,0.86,17.64,0.54,23.52,0.64,20.08,0.72,15.88,0.66,18.04,0.36,26.88,0.56,22.36,0.6,18.72,0.8,17.68,0.76,16.88,0.72,17.2
373,0.7,20,0.82,15.36,0.82,20.48,0.74,17,0.64,18.96,0.7,18.72,0.56,18.52,0.74,21.24,0.74,17.24,0.56,25.76,0.68,24.88,0.72,16.76,0.7,24.4,0.66,19.8,0.74,23
374,0.82,18,0.7,18.76,0.74,17.48,0.82,16.92,0.8,16.16,0.66,18.72,0.52,21.16,0.6,23.28,0.7,16.52,0.6,22.2,0.72,19.32,0.72,15.88,0.8,23.64,0.7,22.32,0.68,17.08
375,0.78,17.16,0.68,19.32,0.82,17.12,0.78,17.36,0.72,15.24,0.72,17.96,0.68,20.52,0.68,23.84,0.6,18.16,0.8,20.6,0.6,19.64,0.68,18.88,0.66,22.4,0.64,22.88,0.76,19.28
376,0.84,17.44,0.8,14.56,0.7,18.6,0.74,17.32,0.8,16.84,0.74,18.24,0.68,19.2,0.48,20.76,0.6,19,0.74,18.12,0.6,25.12,0.48,22.28,0.6,23.48,0.68,21.2,0.64,19.72
377,0.78,17.36,0.78,14.8,0.72,16.88,0.82,15.32,0.72,18.48,0.7,18.28,0.78,19.4,0.62,17.44,0.66,17,0.82,17.32,0.66,22.6,0.52,20.72,0.66,19.24,0.58,24.08,0.8,15
378,0.76,19.32,0.66,17.88,0.64,19.16,0.76,15.88,0.84,15.2,0.64,17.48,0.7,17.28,0.76,19.6,0.44,26.44,0.68,20.2,0.7,27.72,0.68,17.08,0.7,17.24,0.66,20.16,0.74,18.52
379,0.8,19.28,0.7,19.08,0.68,21.6,0.7,15.76,0.74,16.24,0.68,20.76,0.66,21.12,0.68,19,0.72,18.12,0.72,18.76,0.52,28.16,0.58,21.16,0.76,17.6,0.6,19.96,0.64,20.4
380,0.84,19.24,0.66,18.96,0.64,21.84,0.64,17.48,0.7,16.4,0.7,18.32,0.54,21.52,0.66,14.88,0.64,22.6,0.74,19.8,0.74,28.76,0.5,22.68,0.78,15.84,0.68,19.92,0.82,15.12
381,0.76,17.68,0.54,21.04,0.84,18.72,0.66,16.64,0.82,18.24,0.72,17.16,0.6,20.4,0.78,15.68,0.78,16.36,0.72,18.84,0.66,21.24,0.62,18.8,0.8,15.96,0.58,21.44,0.68,17.64
382,0.82,21.84,0.64,19.68,0.68,21.96,0.76,14.44,0.72,20.8,0.56,25.12,0.66,18.04,0.72,12.72,0.78,16.48,0.76,17.4,0.64,24,0.72,16,0.82,16.2,0.74,17.4,0.78,19.8
383,0.68,21.24,0.7,17.6,0.76,17.72,0.68,16.48,0.66,19.24,0.58,19.44,0.84,17.08,0.72,14.72,0.66,19.12,0.76,19.04,0.72,22.64,0.66,18.92,0.78,13.8,0.68,17.84,0.72,17.76
384,0.58,20.36,0.74,16.72,0.68,20.88,0.6,16.56,0.8,16.36,0.64,18.08,0.56,21.28,0.82,13.64,0.78,15.52,0.74,19.72,0.74,20.96,0.62,18.64,0.76,15.72,0.72,20.52,0.72,18.36
385,0.72,19.56,0.78,16.96,0.64,21.96,0.56,18.56,0.64,20.76,0.6,20.24,0.74,15.36,0.78,12.76,0.68,18.84,0.78,20.04,0.64,23.96,0.72,16.36,0.6,19.72,0.8,16.84,0.84,17.2
386,0.9,16.76,0.72,18.52,0.7,19.28,0.62,17.52,0.78,18.72,0.7,15.08,0.7,19.8,0.76,15.68,0.56,21.64,0.72,20.32,0.7,22.52,0.7,16.4,0.7,14.56,0.54,25.2,0.58,17.68
387,0.84,18.6,0.74,20.72,0.68,20.36,0.72,18.6,0.8,16.6,0.72,17,0.64,21.24,0.72,14.96,0.82,16.68,0.62,24.36,0.64,23.76,0.58,18.92,0.84,13.2,0.6,22.4,0.54,19.16
388,0.66,19.28,0.72,19.6,0.68,19.72,0.6,17.64,0.72,14.96,0.62,19.32,0.82,22.4,0.8,14.4,0.8,15.08,0.64,24.12,0.52,21.72,0.76,17.84,0.8,15.44,0.74,20.92,0.72,19.36
389,0.74,19.76,0.68,21.16,0.78,16.92,0.74,15,0.66,17.72,0.66,18.2,0.64,20.08,0.84,14.92,0.7,16.36,0.68,19.96,0.68,23.12,0.6,20.24,0.78,14.32,0.64,21.04,0.72,15.92
390,0.78,19.12,0.72,17.48,0.68,20.16,0.78,17.48,0.54,21.88,0.66,14.24,0.66,21.64,0.7,14.68,0.78,15.16,0.68,19.32,0.74,26.68,0.8,15.92,0.76,18.44,0.8,18.24,0.76,15.84
391,0.72,20.84,0.64,17.92,0.7,23.64,0.72,15.56,0.6,21.36,0.58,21.6,0.72,19.16,0.68,16,0.76,14.76,0.72,19.48,0.74,20.68,0.7,17.64,0.8,15.8,0.68,22.32,0.72,16
392,0.76,19.24,0.66,19.76,0.82,18.08,0.76,15.4,0.64,20.92,0.72,18.36,0.74,21.08,0.72,15.8,0.72,15.72,0.86,20.56,0.72,21.44,0.72,17.32,0.84,14.12,0.58,23.28,0.8,18.76
393,0.58,22.72,0.7,18.52,0.82,17.48,0.7,17.92,0.64,18.92,0.78,18.96,0.68,18.12,0.6,19.2,0.7,17.4,0.74,18.48,0.72,24,0.76,16.8,0.66,14.76,0.7,21.08,0.66,18.56
394,0.66,21.04,0.64,19.12,0.76,17.84,0.76,16.08,0.64,21.64,0.58,19.68,0.74,18,0.86,13.88,0.62,14.52,0.7,20.24,0.84,21.24,0.64,18.6,0.76,15.88,0.8,18.76,0.74,15.64
395,0.64,19.32,0.84,14.92,0.68,18.36,0.64,18.8,0.7,19.24,0.6,19.68,0.66,20.64,0.8,13.92,0.62,22.88,0.78,19.72,0.66,21.36,0.78,16.36,0.76,14.6,0.66,19.08,0.68,20.2
396,0.68,19.88,0.68,18.72,0.74,22.4,0.82,15.96,0.66,20.52,0.6,19.2,0.7,20.2,0.78,13.44,0.78,16.84,0.72,20.88,0.74,19,0.66,19.68,0.7,15.56,0.6,20.4,0.76,19.44
397,0.72,21.08,0.62,19,0.74,17.92,0.7,17.68,0.74,21.28,0.72,16.44,0.52,23.84,0.8,15.24,0.7,14.4,0.64,18.96,0.7,17.12,0.7,17,0.82,14.56,0.56,16.16,0.74,18.12
398,0.64,20,0.64,16.76,0.74,19.48,0.66,19.4,0.78,18.2,0.64,20.28,0.54,19.52,0.8,17.28,0.72,17.08,0.64,21.6,0.68,19.84,0.68,19.44,0.72,16.12,0.66,19.2,0.8,15.44
399,0.72,19.04,0.78,15.28,0.58,19.68,0.62,21.44,0.76,18.96,0.7,17.76,0.62,18.36,0.62,18.08,0.72,15.24,0.66,20.32,0.72,18.08,0.64,20.64,0.66,15.16,0.76,16.32,0.72,18.48
400,0.7,20.76,0.7,19.04,0.62,18.36,0.8,17.76,0.78,17.32,0.74,14.92,0.76,20.08,0.76,13.52,0.76,15.88,0.7,19.32,0.8,18.52,0.72,19.48,0.84,16.48,0.8,17.52,0.74,18.52
401,0.78,19.4,0.7,14.96,0.64,22.04,0.72,15.4,0.68,22.44,0.7,20.08,0.66,16.4,0.68,15.32,0.78,15.16,0.72,19.12,0.72,17.84,0.62,18.44,0.76,18.48,0.54,17.88,0.6,19.12
402,0.74,19.68,0.84,16.64,0.8,19.28,0.78,16.72,0.72,18.28,0.52,22.52,0.76,18.08,0.82,13.4,0.72,19.6,0.74,19.08,0.8,17.6,0.6,17.56,0.8,16.56,0.66,17.2,0.76,18.72
403,0.78,18.76,0.66,18.36,0.82,17.28,0.72,15.72,0.66,19.44,0.6,20.8,0.74,18.44,0.82,14.68,0.76,17.2,0.76,17.76,0.82,16.4,0.64,20.76,0.84,15.6,0.72,16.64,0.62,16.88
404,0.9,18.16,0.64,16.84,0.66,18,0.68,15.56,0.68,17.08,0.56,18.08,0.78,19.76,0.68,16.24,0.56,19.72,0.72,17.04,0.76,16.88,0.7,18.96,0.78,17.2,0.72,16.92,0.74,18.56
405,0.8,18.96,0.86,17.28,0.8,17.56,0.74,16.32,0.8,18.08,0.66,18.2,0.68,17.6,0.68,18.2,0.62,19.64,0.7,18.92,0.74,18.64,0.7,20.12,0.8,19.24,0.68,17.92,0.76,18.6
406,0.74,19.04,0.68,19.4,0.74,17.92,0.72,18.44,0.72,17.92,0.62,17.12,0.76,18.52,0.54,17.48,0.8,19.36,0.72,17.44,0.74,17.84,0.7,16.72,0.72,16.48,0.74,18.36,0.8,17.76
407,0.8,20.24,0.8,15.84,0.72,21.24,0.86,15.76,0.74,19.72,0.58,16.72,0.62,18.56,0.6,21.52,0.7,18.4,0.7,22.8,0.74,18.64,0.72,16.48,0.72,15.16,0.68,20.48,0.74,19.72
408,0.84,19.28,0.64,17.44,0.72,18.32,0.8,16.2,0.74,16.44,0.66,17.12,0.56,19.68,0.54,17.84,0.76,17.24,0.6,20.04,0.84,18.24,0.64,17.76,0.76,14.32,0.78,18.88,0.66,18.32
409,0.72,19.84,0.78,16.64,0.62,17,0.78,15.2,0.76,15.16,0.6,20.12,0.72,22.12,0.76,18.36,0.78,14.44,0.74,16.4,0.86,20.56,0.68,19.16,0.8,15.48,0.7,19.6,0.76,19.76
410,0.84,17.64,0.76,15.56,0.8,19.24,0.82,17.04,0.7,17.96,0.66,17.56,0.64,22.2,0.62,19.48,0.78,24,0.76,18.72,0.66,16.96,0.7,16.56,0.82,14.56,0.58,22.88,0.7,20.88
411,0.7,18.72,0.74,16.16,0.72,16.48,0.7,20.8,0.68,18.92,0.56,17.52,0.66,19.56,0.6,16.32,0.74,17.36,0.78,18.2,0.64,19.44,0.74,16.68,0.58,17.04,0.64,18.68,0.78,18.2
412,0.82,19.2,0.7,16.32,0.78,19.4,0.8,14.48,0.8,18.2,0.78,19.24,0.64,19.04,0.74,15.04,0.82,17,0.82,18,0.66,16.32,0.64,19.08,0.78,15.2,0.72,19.44,0.78,18.36
413,0.74,20.44,0.78,16.12,0.64,19.44,0.74,17.48,0.66,19.6,0.68,16.24,0.72,21,0.72,15.4,0.74,17.96,0.7,18.52,0.9,15.96,0.64,18.36,0.9,15.32,0.74,18.64,0.7,17.64
414,0.76,17.72,0.74,16.32,0.76,18.76,0.78,16.92,0.72,17.76,0.64,18.56,0.76,15.4,0.8,14.52,0.68,17.76,0.74,19.24,0.68,19.84,0.48,20.76,0.7,19.52,0.7,20.16,0.7,19.52
415,0.84,19.32,0.78,17.4,0.68,18.36,0.7,14.96,0.68,17.96,0.5,20.28,0.7,15.68,0.72,15.4,0.6,18.84,0.64,21.96,0.72,20.64,0.72,18.96,0.74,16,0.72,18.6,0.76,18.56
416,0.84,19.56,0.72,18.96,0.56,20.8,0.86,14.96,0.74,19.2,0.62,18.28,0.7,20.52,0.82,12.52,0.76,16.24,0.72,20.52,0.64,21.72,0.66,22.84,0.64,16.48,0.68,21.08,0.72,18.92
417,0.72,20.12,0.72,17.6,0.54,20.84,0.62,15.44,0.7,19.24,0.76,17.6,0.7,18.48,0.7,15.48,0.74,18.12,0.78,16.68,0.82,16.84,0.64,17.64,0.78,18.52,0.68,19.52,0.72,18.6
418,0.8,17.88,0.66,15.76,0.66,18.36,0.66,19.48,0.66,21.32,0.5,19.48,0.82,17.04,0.6,17.44,0.7,15.44,0.78,15.36,0.76,19.64,0.74,20.52,0.78,17.76,0.68,20.52,0.82,23
419,0.76,18.88,0.82,18.52,0.8,16.08,0.84,14.92,0.74,19.08,0.66,19.88,0.76,19.56,0.72,15.76,0.78,18.92,0.7,20,0.84,19.2,0.46,19.68,0.76,18.88,0.74,19.08,0.8,18.24
420,0.76,18.96,0.8,17.76,0.74,18.4,0.66,19,0.72,20.92,0.66,16.44,0.74,19.6,0.8,17.16,0.74,15.96,0.68,18.24,0.7,20,0.68,15.04,0.8,15.8,0.72,19.36,0.78,19.04
421,0.72,20.32,0.74,18.6,0.66,19.64,0.7,19.68,0.74,19.12,0.72,17.4,0.66,18.2,0.7,14.6,0.8,16.96,0.86,18.28,0.76,15.24,0.7,16.48,0.74,17.04,0.82,19.64,0.8,15.68
422,0.78,21.12,0.78,18.2,0.76,21.56,0.7,19.12,0.84,16.16,0.64,16.84,0.68,18.8,0.66,13.4,0.78,18.08,0.7,20.36,0.72,16.4,0.54,18.32,0.74,15.44,0.48,20.48,0.68,18
423,0.84,19.8,0.76,17.8,0.7,18.32,0.62,16.16,0.76,17.72,0.68,17.36,0.76,18.16,0.72,15.2,0.66,18.84,0.8,19.64,0.76,17.08,0.7,19.36,0.76,15.48,0.62,24.76,0.56,18.6
424,0.86,19.08,0.72,19.44,0.6,20.44,0.64,22.12,0.66,20.48,0.66,16.68,0.76,18.32,0.66,18.08,0.74,17.92,0.64,19,0.76,15.12,0.6,16.04,0.78,20.12,0.7,19.88,0.5,21.4
425,0.74,20.92,0.74,19.32,0.68,18.76,0.82,15.96,0.72,20.04,0.62,17.28,0.66,18.36,0.72,14.24,0.74,16.56,0.72,18.6,0.76,17.28,0.72,17.76,0.82,17.32,0.72,19.88,0.62,20.8
426,0.74,19.4,0.64,21.6,0.68,18.12,0.8,15.84,0.82,18.28,0.6,19.08,0.7,18.24,0.78,15.08,0.74,17.76,0.64,21.08,0.76,14.28,0.74,15.96,0.82,18,0.72,21.84,0.56,23.28
427,0.8,18.2,0.8,17.68,0.76,19.68,0.66,20.88,0.82,18.76,0.54,21.12,0.78,20.72,0.7,15.2,0.7,18.08,0.76,18.4,0.74,16.04,0.82,17.72,0.68,16.92,0.72,20.64,0.74,19.4
428,0.78,21.08,0.84,16.12,0.76,21.48,0.6,17.76,0.84,19.48,0.7,14.4,0.7,18.92,0.62,18.32,0.7,17.48,0.66,17.6,0.68,19.16,0.62,21.08,0.72,15.08,0.78,18.28,0.78,18.28
429,0.78,19.84,0.74,17.44,0.74,18.6,0.8,17.12,0.68,21.64,0.64,18.36,0.76,18.12,0.72,15.56,0.82,17.12,0.72,19.08,0.74,17.36,0.72,20.24,0.64,16.16,0.72,20.96,0.72,16.88
430,0.74,19.96,0.78,16.04,0.64,19.12,0.66,20.68,0.68,19.16,0.5,19.28,0.76,19.32,0.76,15.36,0.58,20.68,0.8,17.68,0.74,18.48,0.54,21.6,0.76,15.48,0.7,20.72,0.56,20.2
431,0.8,20,0.62,19.24,0.52,20.56,0.62,24.12,0.54,24,0.68,18.24,0.84,17.56,0.78,15.04,0.6,20.6,0.74,19.36,0.72,18.32,0.66,18.8,0.78,18.56,0.76,20.56,0.74,19.72
432,0.84,19.64,0.74,17.56,0.6,20.48,0.48,23.64,0.76,20.16,0.76,14.16,0.7,19.64,0.76,14,0.74,16.16,0.7,19.4,0.86,15.76,0.6,20.6,0.7,16.12,0.68,18.32,0.64,16.96
433,0.76,22.24,0.82,16.08,0.6,20.36,0.6,22.92,0.84,18.64,0.54,19,0.74,19.48,0.78,14.52,0.7,19.52,0.52,19.84,0.72,16.56,0.58,21.16,0.72,18.4,0.6,22.36,0.74,17.6
434,0.74,21.88,0.8,15.36,0.58,21.68,0.56,20.96,0.66,21.48,0.58,19.32,0.7,20.88,0.78,13.56,0.7,15.8,0.74,16.76,0.7,17.36,0.7,20.32,0.86,15.8,0.68,19.52,0.76,19.72
435,0.72,21.8,0.68,16.2,0.54,22.72,0.7,20.28,0.72,18.64,0.56,19.12,0.72,20.08,0.82,13.84,0.78,18.4,0.8,17.52,0.74,15.44,0.56,21.24,0.8,14.44,0.62,18,0.68,16.84
436,0.78,19.96,0.76,18.76,0.62,20.84,0.7,17.6,0.76,19.2,0.58,21.2,0.8,19.52,0.84,12.6,0.72,16.4,0.82,16.44,0.8,15.96,0.72,16.92,0.72,17.6,0.6,22.6,0.68,19.24
437,0.74,19.28,0.68,22.48,0.66,21.28,0.56,22.4,0.64,20.72,0.46,21.36,0.64,25.84,0.78,15.12,0.74,18.56,0.78,17.4,0.76,17.2,0.76,18.68,0.74,18.72,0.78,17.32,0.72,18.4
438,0.66,22.92,0.88,18.48,0.64,23.16,0.64,18.28,0.88,17.36,0.66,16.52,0.58,23.64,0.76,14.76,0.76,17.04,0.82,17.44,0.72,17.56,0.66,19.2,0.64,16.6,0.88,15.68,0.74,20.04
439,0.72,19.52,0.72,17.68,0.76,18.48,0.72,20.6,0.7,18.04,0.42,21.52,0.7,19.04,0.64,18.96,0.72,17.84,0.76,17.48,0.76,16.36,0.78,14.8,0.64,17.04,0.76,17.96,0.7,20.2
440,0.78,20.32,0.7,16.36,0.66,22.76,0.6,22.72,0.84,18.44,0.66,17.52,0.66,21.84,0.7,14.6,0.8,18.08,0.62,19.32,0.68,17,0.64,16.96,0.74,16.84,0.84,17.2,0.72,18.72
441,0.74,19.96,0.72,17.84,0.64,21.6,0.56,22.8,0.64,17.92,0.64,18.36,0.6,21.56,0.7,15.8,0.72,19.4,0.8,17.48,0.76,17.44,0.7,18.24,0.8,15.08,0.8,17.32,0.64,20.2
442,0.78,20.36,0.74,17.6,0.64,21.24,0.56,23.88,0.64,20.08,0.68,16.08,0.62,19.84,0.8,14.68,0.76,15.76,0.76,19.16,0.8,15.44,0.68,15.44,0.72,16.04,0.78,18.12,0.66,20.44
443,0.74,21.2,0.84,18.16,0.6,25.44,0.56,23.64,0.74,23.24,0.72,14.84,0.7,21.08,0.78,13.72,0.74,17.48,0.82,19.96,0.68,21.56,0.54,18.76,0.72,18.72,0.64,18.16,0.56,19.6
444,0.62,23.44,0.76,16.2,0.72,21.92,0.52,23.72,0.86,17.96,0.66,18.32,0.54,22.72,0.7,15.68,0.66,17.28,0.76,18.84,0.76,16.12,0.74,19,0.6,20.6,0.82,16.6,0.74,19.84
445,0.78,18.24,0.8,15.4,0.64,23.04,0.66,19.16,0.72,22.36,0.7,20.24,0.7,17.4,0.74,17.12,0.78,17.76,0.78,20.2,0.58,19.68,0.66,19.12,0.66,20.24,0.7,21.28,0.68,21.28
446,0.78,21.8,0.76,18.48,0.52,26.84,0.6,22.04,0.68,21.44,0.58,17.64,0.7,19.84,0.82,16.24,0.72,19.28,0.82,17.96,0.72,19.08,0.64,18.44,0.82,17.24,0.7,19.4,0.66,20.52
447,0.76,20.12,0.66,19.28,0.7,20.8,0.62,22.68,0.7,18.4,0.62,21.76,0.76,15.6,0.76,15.48,0.72,18.4,0.7,18.44,0.8,18.04,0.58,19.36,0.8,19.12,0.68,19,0.74,19.16
448,0.72,21.04,0.68,16.44,0.6,24.92,0.68,18.28,0.8,19.44,0.64,17.36,0.66,17,0.7,14.84,0.86,16.76,0.58,22.04,0.76,16.88,0.82,15.12,0.84,30.16,0.54,21,0.74,18
449,0.74,21.2,0.72,17.56,0.64,22.8,0.64,21.6,0.74,19.36,0.54,19.24,0.74,16.32,0.56,17.76,0.7,19.4,0.66,19.88,0.78,17.44,0.72,15.8,0.6,21.48,0.72,17.28,0.74,21.44
450,0.68,23.56,0.74,20.6,0.6,23.56,0.76,19.52,0.74,18.24,0.52,20.52,0.7,17.28,0.68,15.28,0.74,16.68,0.86,17,0.64,21.84,0.66,19.24,0.76,20.64,0.7,16.08,0.76,19.48
451,0.72,23.88,0.7,18.92,0.64,22.92,0.72,20.68,0.74,17.96,0.58,22.12,0.82,15.64,0.58,16.04,0.68,18.12,0.74,17.16,0.66,21.04,0.58,19.08,0.72,21.04,0.68,20.08,0.64,17.2
452,0.76,20.56,0.66,20.24,0.64,24.68,0.64,21.44,0.72,16.12,0.74,19.44,0.68,20.2,0.84,14.48,0.74,16.88,0.74,20.44,0.8,15.16,0.6,19.96,0.72,19.16,0.68,19.72,0.66,18.36
453,0.7,24.92,0.78,17.16,0.52,24.36,0.7,20.68,0.66,20.48,0.48,20.6,0.64,19.08,0.78,17.28,0.64,18.2,0.72,18.44,0.68,20.48,0.76,17.24,0.84,18.24,0.72,16.4,0.64,18.52
454,0.72,22.84,0.78,18.28,0.62,26.48,0.68,19.72,0.78,18.48,0.54,20.6,0.68,16.88,0.7,15.68,0.78,16.56,0.7,20.72,0.86,15.72,0.68,15.8,0.68,16.12,0.82,16.88,0.8,16.2
455,0.76,22.24,0.76,18.04,0.56,27.4,0.66,20.6,0.7,16.72,0.64,17.48,0.76,18.08,0.68,15.44,0.72,16.36,0.82,16.6,0.7,20,0.68,18.12,0.72,19.96,0.68,18.96,0.68,16.96
456,0.64,23.16,0.7,17.48,0.62,25.16,0.64,19.84,0.7,16.16,0.7,18.32,0.78,19.76,0.8,12.96,0.7,17.12,0.6,19.08,0.64,21.68,0.76,20,0.64,16.68,0.72,16.28,0.76,18.4
457,0.68,23.84,0.72,18.08,0.58,24.28,0.66,20.96,0.72,21.04,0.62,19.36,0.72,19.36,0.9,15.48,0.66,16.72,0.8,17.52,0.74,20.56,0.64,21.16,0.86,13.6,0.68,17.52,0.68,20.76
458,0.78,23.32,0.8,16.6,0.7,22.32,0.74,20.04,0.78,16.76,0.58,20.6,0.66,19.96,0.6,17.56,0.76,18.16,0.64,18.12,0.8,17.2,0.64,23.24,0.82,16.4,0.68,19.32,0.72,19.12
459,0.72,24.52,0.72,19.12,0.62,23.6,0.7,21.4,0.88,16.4,0.68,17.08,0.66,18.12,0.78,20.08,0.8,16.24,0.82,19.24,0.62,21.8,0.68,18.44,0.84,16.32,0.6,23.36,0.62,19.92
460,0.82,20.24,0.8,15.8,0.62,23.72,0.62,18.52,0.86,17.04,0.64,18.6,0.8,19.04,0.62,24.28,0.68,17.36,0.8,29,0.68,20.64,0.66,20.52,0.8,15.44,0.78,17.72,0.64,17.32
461,0.72,22.2,0.62,18.56,0.56,23.04,0.62,19.16,0.74,16.88,0.48,18.96,0.76,16.36,0.66,17.52,0.76,17.16,0.66,20.72,0.76,19.48,0.72,16,0.62,19.84,0.62,19,0.76,15.92
462,0.64,25.16,0.5,20,0.64,25.56,0.74,20.24,0.76,16.72,0.58,20.8,0.72,16.4,0.74,19.64,0.7,17.88,0.72,18.12,0.58,19.44,0.72,17.44,0.74,17.08,0.78,21.68,0.62,17.68
463,0.7,22.64,0.78,16.28,0.6,23.4,0.64,20.08,0.74,16.84,0.5,19.24,0.76,21.6,0.8,16.64,0.7,17,0.7,21.28,0.72,17.36,0.74,17.2,0.72,16.52,0.56,20.2,0.9,16.68
464,0.56,28.04,0.76,16.88,0.26,30,0.66,19.08,0.66,19.52,0.56,19.48,0.76,18.68,0.8,14.32,0.76,16.72,0.72,18.92,0.78,16.44,0.6,18.2,0.74,17.4,0.66,21.2,0.72,17.16
465,0.76,20,0.84,15.84,0.58,27.08,0.74,18.44,0.78,16,0.68,20.64,0.62,20,0.78,13.8,0.84,17.56,0.72,27.68,0.72,21.04,0.68,17.32,0.66,17.52,0.76,17,0.78,16.68
466,0.64,25.12,0.78,17.84,0.54,28.64,0.66,20.88,0.62,22.12,0.64,18.72,0.74,21.2,0.72,17.44,0.64,22.08,0.56,20.04,0.7,19.12,0.7,17.52,0.78,18.88,0.7,20.84,0.62,18.52
467,0.68,23.04,0.74,19.32,0.5,27.84,0.68,20.72,0.66,16.36,0.5,21.48,0.68,18.72,0.8,12.24,0.72,19.16,0.72,19.12,0.7,17.76,0.8,17.2,0.78,14.88,0.74,16.2,0.8,16.56
468,0.62,24.04,0.66,20.52,0.68,21.6,0.66,21.6,0.66,15.96,0.58,18.36,0.66,21.4,0.76,14,0.64,20.08,0.62,20.08,0.74,18.88,0.72,17.12,0.76,15.72,0.7,18.92,0.62,15.84
469,0.48,26,0.8,19.4,0.66,22.8,0.64,21.04,0.78,18.08,0.56,15.12,0.58,23.6,0.72,13.24,0.74,16.76,0.68,27.88,0.66,20.64,0.68,17.96,0.64,15.44,0.68,21.88,0.66,21.44
470,0.66,22.68,0.78,16.68,0.74,21.36,0.66,23.28,0.74,15.36,0.62,16.32,0.62,20.56,0.8,12.8,0.74,18.44,0.66,17.16,0.84,16.56,0.7,17.68,0.74,16.84,0.64,17.88,0.74,15.6
471,0.76,19.96,0.84,16.88,0.62,23.64,0.64,22.2,0.68,18.4,0.4,19.84,0.72,17.12,0.78,17.64,0.76,16.24,0.66,19.52,0.74,18.12,0.72,21.2,0.66,14.6,0.64,18.88,0.68,18.48
472,0.64,21.76,0.82,17.16,0.68,21.08,0.76,20.88,0.62,20.72,0.44,22.48,0.72,18.16,0.74,13.32,0.76,15.6,0.82,17.36,0.7,17.64,0.74,19.28,0.74,16.04,0.66,21.16,0.78,17.68
473,0.66,23.64,0.6,18.4,0.7,23.36,0.62,22.76,0.6,18.04,0.78,16.84,0.68,20.24,0.82,14.28,0.68,20,0.68,20.6,0.76,17.76,0.78,18.16,0.7,16.08,0.66,21,0.72,17.96
474,0.44,24.2,0.76,20.92,0.64,20.92,0.66,23.76,0.72,18.32,0.62,17.8,0.6,20.68,0.76,14.92,0.64,17.16,0.74,18.84,0.58,17.92,0.78,15.76,0.7,17.36,0.66,19.84,0.74,17.88
475,0.56,24.44,0.74,19.04,0.74,20.24,0.62,23.6,0.58,21.72,0.58,19.48,0.72,19,0.82,13.12,0.84,17.08,0.72,20.08,0.54,20.08,0.66,18.8,0.68,15.56,0.82,15.96,0.8,18.16
476,0.76,19.2,0.76,17.92,0.6,25.48,0.78,19.28,0.5,20.04,0.54,18,0.56,16.8,0.68,18.88,0.82,16.84,0.74,22.44,0.72,16.96,0.72,17.96,0.72,19.08,0.72,19.64,0.72,16.04
477,0.72,20.76,0.74,19.48,0.74,18.84,0.74,18.72,0.62,18.44,0.56,16,0.78,18.56,0.76,13.6,0.74,17.4,0.8,20.6,0.62,18.84,0.64,18.92,0.78,15.92,0.72,21.2,0.78,18.04
478,0.78,20.8,0.72,16.44,0.68,21.76,0.66,21.28,0.68,18.88,0.44,22.4,0.76,16.88,0.76,18.16,0.7,16.6,0.6,20.56,0.7,16.88,0.7,17.72,0.76,18.4,0.72,18.04,0.74,19.4
479,0.72,20.76,0.7,21.88,0.72,18.28,0.66,20.52,0.78,15.88,0.56,19.16,0.7,20.76,0.74,19.12,0.7,20.2,0.7,19.6,0.74,17.68,0.76,19.48,0.84,15.48,0.82,17.92,0.9,15.72
480,0.76,19.32,0.7,19.56,0.78,17.92,0.74,20.64,0.6,19.6,0.42,21.96,0.7,18.68,0.78,14.64,0.66,18.52,0.78,18.48,0.72,18.68,0.82,15.28,0.66,15.8,0.66,20.16,0.72,16.48
481,0.72,23.36,0.62,17.84,0.76,21.36,0.72,18.4,0.72,16.2,0.52,16.96,0.74,18.84,0.66,23.48,0.8,15.96,0.74,19.72,0.76,18.76,0.7,20.84,0.78,14,0.64,20.76,0.78,18.68
482,0.72,21.32,0.56,19.24,0.74,18.36,0.72,16.28,0.66,18.16,0.58,20,0.6,21.16,0.84,14.32,0.74,18,0.72,19.8,0.72,18.68,0.68,15.36,0.76,16.44,0.72,17.12,0.72,20.92
483,0.62,22.36,0.58,22.6,0.7,20.8,0.72,20.84,0.8,16.2,0.54,20.48,0.56,16.56,0.72,16,0.92,17.24,0.86,17.96,0.6,18.84,0.64,16.76,0.7,18.84,0.74,18.2,0.78,19.8
484,0.84,19.52,0.78,20.16,0.7,21.68,0.76,18.84,0.82,15.6,0.6,21.64,0.8,17.8,0.7,18.12,0.76,15.2,0.64,18.88,0.62,19.24,0.72,17.52,0.68,16.2,0.58,19.4,0.82,17.44
485,0.74,20.08,0.72,16.92,0.76,18.08,0.7,18.04,0.78,16.08,0.58,21.28,0.62,19.72,0.4,28.88,0.66,16.28,0.74,20.16,0.68,16.24,0.78,18.04,0.82,19.32,0.66,16.96,0.68,21.52
486,0.62,21.32,0.8,18.92,0.74,19.32,0.64,17.88,0.7,17.08,0.64,18.92,0.58,21.8,0.62,20.88,0.76,19,0.7,18.68,0.76,18.8,0.62,19.28,0.7,16,0.62,21.72,0.7,18.88
487,0.7,22.6,0.66,18.28,0.72,19.68,0.7,18.28,0.68,16.16,0.52,18.88,0.68,17,0.38,25.68,0.7,19.08,0.86,18.16,0.72,16,0.72,16.28,0.74,16.04,0.68,19.04,0.76,17.52
488,0.74,22.56,0.76,16.52,0.8,19.28,0.54,24.8,0.68,16.88,0.7,18.32,0.66,19.16,0.66,19.44,0.7,20.68,0.8,18.36,0.72,17.36,0.68,18.48,0.7,18.32,0.78,18.32,0.66,19.2
489,0.84,18.04,0.76,18.08,0.84,19.56,0.62,20.92,0.76,14.8,0.54,18.8,0.84,16.56,0.78,14.96,0.82,19.16,0.74,18.36,0.7,14.48,0.68,18.72,0.68,20.6,0.74,17.8,0.7,19.48
490,0.76,20.48,0.66,20.8,0.84,19.24,0.62,23.04,0.78,16.08,0.62,16.92,0.76,18.72,0.62,16.16,0.82,20.08,0.68,21.04,0.74,18,0.76,16.76,0.86,15.76,0.66,19.44,0.74,22.2
491,0.76,20.44,0.78,16.88,0.8,18.84,0.78,17.4,0.72,16.96,0.7,15.76,0.46,24.24,0.58,19.92,0.68,20.96,0.72,17.68,0.86,17.72,0.84,15.76,0.72,16.08,0.72,16.64,0.62,20.96
492,0.82,20.36,0.68,20.24,0.72,22.6,0.64,21.4,0.86,14.4,0.72,20.56,0.62,19.32,0.8,16.2,0.76,17.52,0.84,19.4,0.78,16.88,0.78,14.92,0.76,15.44,0.68,19,0.58,18.68
493,0.7,22.72,0.58,25.36,0.78,18.8,0.7,21.28,0.72,17.76,0.74,17.2,0.72,19.48,0.76,20,0.66,20.6,0.66,19.52,0.6,21.48,0.68,18.6,0.68,14.92,0.62,22.32,0.62,21.28
494,0.7,20.64,0.62,21.56,0.72,18.04,0.7,19.24,0.64,17.28,0.74,15.72,0.76,17.72,0.66,20,0.7,20.76,0.76,17.96,0.72,16.72,0.76,15.28,0.68,16.2,0.68,20.96,0.58,18.48
495,0.74,21.8,0.7,21.24,0.86,16,0.78,18.52,0.74,15.32,0.5,19.68,0.82,18.92,0.78,17,0.56,23.52,0.76,20.28,0.7,16.96,0.76,18.52,0.58,16.36,0.68,20,0.76,17.96
496,0.7,18.36,0.76,17.88,0.72,18.84,0.72,21.2,0.72,18.08,0.68,17.84,0.76,16.32,0.64,19.68,0.66,19.88,0.86,17.08,0.8,17.64,0.68,15.72,0.76,15.44,0.74,19.68,0.74,20.8
497,0.84,18.16,0.6,20.28,0.7,20.48,0.76,17.28,0.62,18.84,0.74,15.4,0.74,23.4,0.86,18.16,0.68,18.72,0.76,18.52,0.8,15.76,0.76,16.72,0.82,14.2,0.74,18.16,0.58,23.72
498,0.76,19.88,0.66,21.28,0.82,18.16,0.74,17.28,0.62,21.96,0.56,22.2,0.74,18.48,0.64,20.28,0.76,18.88,0.8,16.4,0.78,16.2,0.7,18.12,0.64,16.84,0.66,18.28,0.66,20.2
499,0.76,20.16,0.58,20.16,0.8,19.16,0.66,20.4,0.6,18.12,0.54,21.24,0.7,20.2,0.56,18.2,0.68,17.84,0.68,17.56,0.8,15.64,0.76,15.04,0.74,17.36,0.62,18.8,0.62,14.96